상품코드,브랜드명,상품명,카테고리,가격,성별,리뷰내용,옵션,키,몸무게,배송,포장,사이즈,밝기,색감,두께감,보온성,무게감,발색력,지속력,수분감,수납공간
996177,MUSINSA STANDARD,릴렉스 핏 크루 넥 반팔 티셔츠 [화이트],상의,"15,900",남,팔과 기장이 쫌크네요두께는 쫌 있구요암튼 가성비는굿인듯요,XXXL,180,110,-,-,커요,보통이에요,선명해요,보통이에요,-,-,-,-,-,-
996177,MUSINSA STANDARD,릴렉스 핏 크루 넥 반팔 티셔츠 [화이트],상의,"15,900",-,149cm / S 사이즈넉넉하게 잘 맞고 생각보다 목이 좀 파였어요!원래 반팔보다 쇄골이 더 나온느낌..? 아니 그냥 쇄골 두 개 죅금 보이네요 ..레이어드 하려고 샀는데 질이 괜찮아서 단독으로 입기에도 괜찮은고 같아여ㅛ,S,0,0,-,-,-,-,-,-,-,-,-,-,-,-
996177,MUSINSA STANDARD,릴렉스 핏 크루 넥 반팔 티셔츠 [화이트],상의,"15,900",남,"오버핏으로 힙합느낌을 내었습니다. 티셔츠를입고 nas - hiphop is dead를 틀었을때, 그곳은 한국이 아니였습니다. 그곳은 할렘뒷골목이였습니다. hiphop is naver die.... piace!👍",L,175,70,-,-,보통이에요,보통이에요,보통이에요,보통이에요,-,-,-,-,-,-
996177,MUSINSA STANDARD,릴렉스 핏 크루 넥 반팔 티셔츠 [화이트],상의,"15,900",-,"안펄렁거리고 편해요, 막 두껍고 땀나게 하는 재질이 아니라서.다만 넣입이 쪼금 힘들어요. XL사이즈이기도 하고 살이 찌기도 했고 지금 착용샷의 바지는 스키니~슬림핏인데... 시도했단 거 자체가... 그래서 평소엔 덮고 있었구요. 그냥 널널한 테이퍼드나 적당히 허리남는 슬림핏에는 바지에도 공기가 들어가지 않아 접히지 않은 상태로 넣을 수 있어요. 젖툭튀가 도드라지지 않고 뛸때에도 안 감싸져서 튀지 않을 수 있다는게 엑스라지 사이즈의 장점인 거 같아요.다른 계절 이너로도 널널한 바지 넣입으로 가능은 할 거 같구요.지금 계절에서는 단독으로 하거나 긴 셔츠에 이너로 입으면 땀도 잘 말라요. 다만,  이 기장으로는 긴바지와 함께 하는 게 맞는 거 같아요.되도록 키가 크시더라도 L이하 가시는 게 맞을 거 같아요. 워낙 시원하게 입게 하시려고 리얼로 relax하게 잡아주시어서 작은 사이즈는 걱정 없을 거예요.",XL,0,0,-,-,-,-,-,-,-,-,-,-,-,-
996177,MUSINSA STANDARD,릴렉스 핏 크루 넥 반팔 티셔츠 [화이트],상의,"15,900",-,"타이다이 티셔츠 할려고 다양한 사이즈로 구매했는데, 가격도 저렴하고 품질도 기대 이상이라서 좋습니다",XXL,0,0,-,-,-,-,-,-,-,-,-,-,-,-
996177,MUSINSA STANDARD,릴렉스 핏 크루 넥 반팔 티셔츠 [화이트],상의,"15,900",남,핏도 낭낭하고 재질도 좋고 무적권 사세요 개좋음,M,171,64,-,-,보통이에요,보통이에요,보통이에요,보통이에요,-,-,-,-,-,-
996177,MUSINSA STANDARD,릴렉스 핏 크루 넥 반팔 티셔츠 [화이트],상의,"15,900",남,역시 후회 없는 구매를 하게 해주는 무신사 스탠다드네요이번 MU-T 컬렉션에서 77가지 컬러나 나왔다는데 다른 컬러들도 도전해봐야겠어요 컬러로 포인트 주기 좋을 것 같아요택배 오자마자 입어보니 핏이랑 퀄리티 다 마음에 드네요사이즈는 평소 입는 것 보다 한 치수 작은 S사이즈 갔는데 딱 좋습니다 릴렉스 핏으로 나와서 그런지 제가 원하는 느낌으로 옷이 떨어지네요사진은 타이머 맞추며 찍다가 실패한 것도 같이 올립니다ㅋㅋㅋ 항상 접근하기 쉬운 가격대로 예쁜 옷 만드시는 무신사 스탠다드는 사랑임다,S,167,58,-,-,보통이에요,보통이에요,보통이에요,보통이에요,-,-,-,-,-,-
996177,MUSINSA STANDARD,릴렉스 핏 크루 넥 반팔 티셔츠 [화이트],상의,"15,900",여,임산부라 크게 시켰는데 너무 크네요..ㅎㅎ 남편이 입으면 되니까요,XXL,162,70,-,-,커요,밝아요,선명해요,보통이에요,-,-,-,-,-,-
996177,MUSINSA STANDARD,릴렉스 핏 크루 넥 반팔 티셔츠 [화이트],상의,"15,900",남,옷 너무 편하고 좋은거같아요 그치만 세탁 한번 하고 나니까 엄청 쭈글쭈글 해지네요... 아쉽지만 그래도 가성비 굿!!,M,176,55,-,-,보통이에요,밝아요,선명해요,보통이에요,-,-,-,-,-,-
996177,MUSINSA STANDARD,릴렉스 핏 크루 넥 반팔 티셔츠 [화이트],상의,"15,900",-,기본제품은 유니클로 대부분샀는데 무탠다드 제품이 가성비 조금더 괜찮은거같아요.핏감 오버핏으로도 나오고 가격값은 하는거같은데 그 이상 기대하긴 어렵네요,L,0,0,-,-,-,-,-,-,-,-,-,-,-,-
996177,MUSINSA STANDARD,릴렉스 핏 크루 넥 반팔 티셔츠 [화이트],상의,"15,900",여,칙칙한 재수생활이네요 근데 이제 가성비템을 곁들인,S,165,55,-,-,보통이에요,보통이에요,보통이에요,두꺼워요,-,-,-,-,-,-
996177,MUSINSA STANDARD,릴렉스 핏 크루 넥 반팔 티셔츠 [화이트],상의,"15,900",남,"레이어드 해서 입을 때, 레이어드 핏은 너무 길꺼같아서, 일부러 릴렉스 핏 주문했는데, 생각보다 짧아서 레이어드해서 입기에는 안맞았습니다.(스타일 사진 참고)릴렉스 핏  S사이즈 총장이 71.5라고 나와있습니다. 사진상의 제 검정 멘투맨 총장이 66~67cm정도인데, 릴렉스 핏 입으면 살짝 나오는 정도 될꺼라 예상했는데, 아무래도 옷감끼리 말려서 그런지, 실제 레이어드 느낌은 하나도 나지 않았습니다. 걍 멘투멘 안으로 다 들어가서 안보임.굳이 멘투멘을 좀 올리고, 티셔츠를 아래로 잡아당겨야 보이는데.. 사실상 의미가 없습니다. 레이어드는 힘들다고 보시면 됩니다. 레이어드 하실거믄 걍 레이어드 핏 구입하시는게 좋을 것 같습니다. 전 현재 레이어드 핏 S사이즈 주문했고, 3.19일 배송오기로 되어있네요. 릴렉스핏으로 레이어드 하실꺼면, 본인 정사이즈보다 최소 한사이즈 오버로 가시는게 좋을 것 같습니다.레이어드는 망했지만, 걍 반팔티로 아무렇게 입기엔 뭐, 나쁘진 않은 것 같습니다.(사실 길이가 애매하게 김)목부분은 쫀쫀하고 좋습니다. 세탁해도 쉽게 안 늘어날꺼 같아요. 좀 긴 설명이었지만 잘 읽어보시면, 고르시는데 도움 많이 되실 것 같습니다.",S,165,54,-,-,보통이에요,보통이에요,보통이에요,보통이에요,-,-,-,-,-,-
996177,MUSINSA STANDARD,릴렉스 핏 크루 넥 반팔 티셔츠 [화이트],상의,"15,900",남,기본중의 기본.면이 도톰하고 땀흡수가 잘되어서 자존감이 올라가고  용감해지는 기분이에요!!,M,177,77,-,-,보통이에요,보통이에요,보통이에요,보통이에요,-,-,-,-,-,-
996177,MUSINSA STANDARD,릴렉스 핏 크루 넥 반팔 티셔츠 [화이트],상의,"15,900",여,릴렉스 핏 크루 넥 반팔 티셔츠 마음에 들어요 사이즈 맞아요,S,158,45,-,-,보통이에요,보통이에요,보통이에요,보통이에요,-,-,-,-,-,-
996177,MUSINSA STANDARD,릴렉스 핏 크루 넥 반팔 티셔츠 [화이트],상의,"15,900",여,레이어드 하려고 산건데 생각보다 커서 좀 놀랏찌만 주름 짜글짜글 지지만? 내가 멍총했다 데헷,L,162,80,-,-,커요,밝아요,선명해요,보통이에요,-,-,-,-,-,-
996177,MUSINSA STANDARD,릴렉스 핏 크루 넥 반팔 티셔츠 [화이트],상의,"15,900",남,일단 무엇보다 옷이 짱짱하고 안비춰서 좋아요. 그리고 좀 크게 샀는데 레이어드 해서 입기 딱 좋을거 같네요. 무탠다드 레이어드용 나오는 티셔츠 길이가 너무 긴거같아서 이걸로 샀습니디.,M,170,60,-,-,보통이에요,보통이에요,보통이에요,보통이에요,-,-,-,-,-,-
996177,MUSINSA STANDARD,릴렉스 핏 크루 넥 반팔 티셔츠 [화이트],상의,"15,900",남,"173/75첫 사진이 L사이즈, 두번째 사진이 M사이즈 입니다. (참고가 되시라고 올려봅니다 ㅎㅎ)L사이즈는 세번째 사진처럼 레이어드 해서 입으려고 샀고, M사이즈는 그냥 여름에 편한 티셔츠로 입으려고 샀습니다.L사이즈가 레이어드 용으로 길이감도 괜찮네요! 소재는 막 최고다는 아니어도 이 가격 이상은 하는 것 같구요 :)",L,173,75,-,-,커요,보통이에요,보통이에요,보통이에요,-,-,-,-,-,-
996177,MUSINSA STANDARD,릴렉스 핏 크루 넥 반팔 티셔츠 [화이트],상의,"15,900",남,밥이 더 맛있어지는 그런 반팔입니다. 블랙보단 화이트가 더 맛있는거같아요,L,173,68,-,-,커요,보통이에요,보통이에요,보통이에요,-,-,-,-,-,-
996177,MUSINSA STANDARD,릴렉스 핏 크루 넥 반팔 티셔츠 [화이트],상의,"15,900",여,일부러 크게 시켰는데 딱 원했던 핏으로 나와서 만족합니다 진짜 자주입을 것 같아요,XL,168,64,-,-,보통이에요,보통이에요,보통이에요,보통이에요,-,-,-,-,-,-
996177,MUSINSA STANDARD,릴렉스 핏 크루 넥 반팔 티셔츠 [화이트],상의,"15,900",여,재질 좋아요 사이즈는 저는 안에 받쳐 입을 용도로 기장만 보고 라지를 사서 기장감은 엉덩이를 다 덮고 좋았으나 팔통이 마니 컸습니다 저랑 비슷한 키에서 대충 루즈하게 입으려면 미듐이 좋을 것 같습니다,L,157,52,-,-,커요,보통이에요,보통이에요,보통이에요,-,-,-,-,-,-
996177,MUSINSA STANDARD,릴렉스 핏 크루 넥 반팔 티셔츠 [화이트],상의,"15,900",남,질감 매우 좋습니다. 무신사스탠다드에서 구입할만한 괜찮은 상품인 것 같네요~ 레이어드할때 강추드림다!!,L,180,70,-,-,보통이에요,보통이에요,보통이에요,보통이에요,-,-,-,-,-,-
996177,MUSINSA STANDARD,릴렉스 핏 크루 넥 반팔 티셔츠 [화이트],상의,"15,900",남,단품으로도 최고지만 이너로도 매우 만족스럽습니다!,L,182,75,-,-,보통이에요,보통이에요,보통이에요,보통이에요,-,-,-,-,-,-
996177,MUSINSA STANDARD,릴렉스 핏 크루 넥 반팔 티셔츠 [화이트],상의,"15,900",남,레이어드 하기 엄청 편하고 예뻐요!! 살짝 두께감이 있긴 하네요,M,179,58,-,-,보통이에요,보통이에요,보통이에요,보통이에요,-,-,-,-,-,-
996177,MUSINSA STANDARD,릴렉스 핏 크루 넥 반팔 티셔츠 [화이트],상의,"15,900",여,목이 생각보다 두꺼웠는데 안늘어나고 오히려 좋을것같아요,L,175,55,-,-,보통이에요,보통이에요,보통이에요,보통이에요,-,-,-,-,-,-
996177,MUSINSA STANDARD,릴렉스 핏 크루 넥 반팔 티셔츠 [화이트],상의,"15,900",여,옷 커스텀 하려고 샀는데 진짜 찰떡 ㅜ재질도 좋고 두께감도 있어서 일반 흰색 티셔츠랑은 다르다는 느낌을 받았어요! 다음에 또 사야지 ㅜ,XL,168,70,-,-,보통이에요,보통이에요,보통이에요,보통이에요,-,-,-,-,-,-
996177,MUSINSA STANDARD,릴렉스 핏 크루 넥 반팔 티셔츠 [화이트],상의,"15,900",여,질이좋은것같아요정말깔끔하고 조끼에 받쳐입으려고 구매했어요,M,161,58,-,-,보통이에요,밝아요,선명해요,보통이에요,-,-,-,-,-,-
996177,MUSINSA STANDARD,릴렉스 핏 크루 넥 반팔 티셔츠 [화이트],상의,"15,900",남,옷감이 순해서 피부에 자극도 없고 편하게 입을수 있어요,M,173,68,빨라요,꼼꼼해요,보통이에요,보통이에요,보통이에요,보통이에요,-,-,-,-,-,-
996177,MUSINSA STANDARD,릴렉스 핏 크루 넥 반팔 티셔츠 [화이트],상의,"15,900",여,운동할 때 잘 입고 있어요 사진에서는 잘 안 보이지만 160 조금 넘는 키에는 S사이즈도 엉덩이 다 덮는 기장이에요 저는 원래 넉넉하게 입는 편이라 괜찮네요 비침이 없을 정도로 두께감 있는 소재라 마음에 듭니다 잘 입을게요,S,161,53,-,-,커요,보통이에요,보통이에요,두꺼워요,-,-,-,-,-,-
996177,MUSINSA STANDARD,릴렉스 핏 크루 넥 반팔 티셔츠 [화이트],상의,"15,900",여,너무 좋아요 이너로도 좋고 단독으로 입어도 너무너무 좋아요!!!! 무엇보다 가장 좋은건… 목이 참 짱짱합니다 히히다들 하나씩 꼭 사세요,M,165,57,빨라요,꼼꼼해요,커요,밝아요,선명해요,보통이에요,-,-,-,-,-,-
996177,MUSINSA STANDARD,릴렉스 핏 크루 넥 반팔 티셔츠 [화이트],상의,"15,900",남,무난하게 입을수 있는 여름철 흰티인거 같습니다.,L,180,62,-,-,보통이에요,보통이에요,보통이에요,보통이에요,-,-,-,-,-,-
996177,MUSINSA STANDARD,릴렉스 핏 크루 넥 반팔 티셔츠 [화이트],상의,"15,900",여,후드티나 맨투맨 레이어드해서 입기 좋아요 여름에 반팔만 입어도 괜찮을듯,M,158,46,-,-,보통이에요,보통이에요,보통이에요,보통이에요,-,-,-,-,-,-
996177,MUSINSA STANDARD,릴렉스 핏 크루 넥 반팔 티셔츠 [화이트],상의,"15,900",여,무난한핏입니다 편하게 입기 좋아요목부분도 되게 탄탄하게되어 있어서 세탁해도 잘안늘어날거같네요,S,163,45,-,-,보통이에요,보통이에요,보통이에요,보통이에요,-,-,-,-,-,-
996177,MUSINSA STANDARD,릴렉스 핏 크루 넥 반팔 티셔츠 [화이트],상의,"15,900",남,운동 좋아하는 고딩인데 제3의 눈도 안나오고 평타는 쳐서 좋네요,L,180,77,-,-,보통이에요,보통이에요,보통이에요,보통이에요,-,-,-,-,-,-
996177,MUSINSA STANDARD,릴렉스 핏 크루 넥 반팔 티셔츠 [화이트],상의,"15,900",남,꽝 걸렸네요 실밥 저거 쭉 잡아당기면 망하려나요,XL,182,85,-,-,보통이에요,보통이에요,보통이에요,보통이에요,-,-,-,-,-,-
996177,MUSINSA STANDARD,릴렉스 핏 크루 넥 반팔 티셔츠 [화이트],상의,"15,900",여,168기준 s도 엉덩이 덮어요!여성분들 s사셔도 충분히 오버핏이에요~,S,168,55,-,-,커요,보통이에요,보통이에요,보통이에요,-,-,-,-,-,-
996177,MUSINSA STANDARD,릴렉스 핏 크루 넥 반팔 티셔츠 [화이트],상의,"15,900",남,색감 좋구 착용감도 좋아요 손 굉장히 자주 갈거같아요,L,178,75,-,-,보통이에요,보통이에요,보통이에요,보통이에요,-,-,-,-,-,-
996177,MUSINSA STANDARD,릴렉스 핏 크루 넥 반팔 티셔츠 [화이트],상의,"15,900",여,레이어드 티 찾고 있었는데퀄리티 상당해서 뭐 말려올라가는 것도 없고 기장도 좋아여,L,161,50,-,-,커요,보통이에요,보통이에요,두꺼워요,-,-,-,-,-,-
996177,MUSINSA STANDARD,릴렉스 핏 크루 넥 반팔 티셔츠 [화이트],상의,"15,900",남,제가 키가 작은데 레이어드하기 딱 좋은 기장이에요 !,S,171,55,-,-,보통이에요,보통이에요,보통이에요,보통이에요,-,-,-,-,-,-
996177,MUSINSA STANDARD,릴렉스 핏 크루 넥 반팔 티셔츠 [화이트],상의,"15,900",여,안에 이너로 입은 티셔츠에요. 엉덩이 다가려지는 기장인데 박시한 후드티랑 입어도 충분히 삐져나와서 좋습니다.,L,162,57,-,-,커요,보통이에요,보통이에요,보통이에요,-,-,-,-,-,-
996177,MUSINSA STANDARD,릴렉스 핏 크루 넥 반팔 티셔츠 [화이트],상의,"15,900",남,대포동 미사일 같은 내젖꼭지도 잘 가려주고 딱 좋음,L,177,79,-,-,보통이에요,보통이에요,보통이에요,보통이에요,-,-,-,-,-,-
996177,MUSINSA STANDARD,릴렉스 핏 크루 넥 반팔 티셔츠 [화이트],상의,"15,900",남,지금까지 입었던 반팔 중에서 제일 핏이 예쁘다고 생각합니다. 흰색 구매 후 회색과 검정색도 구매했네요. 이번 여름은 무탠다드 반팔 돌려입을 계획입니다.,S,164,49,-,-,보통이에요,보통이에요,보통이에요,보통이에요,-,-,-,-,-,-
996177,MUSINSA STANDARD,릴렉스 핏 크루 넥 반팔 티셔츠 [화이트],상의,"15,900",남,니트베스트에 입기도 좋고 두께도 적당한것 같네용,XXL,180,70,-,-,보통이에요,보통이에요,보통이에요,보통이에요,-,-,-,-,-,-
996177,MUSINSA STANDARD,릴렉스 핏 크루 넥 반팔 티셔츠 [화이트],상의,"15,900",여,크기는 한데 이런 게 좋더라요 ~ᙏ̤̫  ღ 은근 또똠하고 튼실헌게 맘에 들어유,M,153,51,-,-,커요,보통이에요,보통이에요,보통이에요,-,-,-,-,-,-
996177,MUSINSA STANDARD,릴렉스 핏 크루 넥 반팔 티셔츠 [화이트],상의,"15,900",여,장점기분좋은 재질싼데 퀄리티까지 좋음 빼서 입어보면 핏괜찮다는것을 바로 느낄수있음단점분명줄자로 길이 재서 m이 맞을거라판단했는데레이어드용으로사서 그런지 실제 입어보니 원하던 길이보단 살짝 짧음레이어드할거면 한치수크게 구입하시길,L,164,50,-,-,커요,보통이에요,보통이에요,보통이에요,-,-,-,-,-,-
996177,MUSINSA STANDARD,릴렉스 핏 크루 넥 반팔 티셔츠 [화이트],상의,"15,900",여,헤헤 예쁘당 편하구 짱짱함 무탠다드 뿡대박히히,L,159,100,-,-,보통이에요,보통이에요,보통이에요,보통이에요,-,-,-,-,-,-
996177,MUSINSA STANDARD,릴렉스 핏 크루 넥 반팔 티셔츠 [화이트],상의,"15,900",여,딱 제가 사고싶었던 핏이에요 싸게 잘 샀어요 ㅎㅎ 또 사려구요!!,M,156,48,-,-,보통이에요,보통이에요,보통이에요,보통이에요,-,-,-,-,-,-
996177,MUSINSA STANDARD,릴렉스 핏 크루 넥 반팔 티셔츠 [화이트],상의,"15,900",남,레이어드용으로 구매했는데 상당히 만족스럽네요ㅎㅎ 기장도 적당히 길어서 자주 입고 다닐것같습니다!,S,164,50,-,-,보통이에요,보통이에요,선명해요,보통이에요,-,-,-,-,-,-
996177,MUSINSA STANDARD,릴렉스 핏 크루 넥 반팔 티셔츠 [화이트],상의,"15,900",남,이뻐요 다른색상도 많이샀는데 가성비로이쁘게입을게요,M,174,55,-,-,보통이에요,보통이에요,보통이에요,얇아요,-,-,-,-,-,-
996177,MUSINSA STANDARD,릴렉스 핏 크루 넥 반팔 티셔츠 [화이트],상의,"15,900",남,"제품 자체는 가격대비 괜찮네요.다만 화이트 블랙 두색상 시켰는데동일한 제품임에도 입었을 때 사이즈 차이가 큽니다 개체차이 심해요. 사진 대충 찍어서 그렇지 흰 옷이랑 기장만 2센치 정도 차이 납니다.제시한 사이즈 실측과 차이는 있을 수 있다고 보지만 개체 간 차이가 이렇게 심한 건 어떻게 납득을 해야될 지 모르겠네요.번거로운 거 싫어해서 교환은 안 하지만, 역시 저렴한 데는 다 이유다 있는 것 같네요. 앞으로 구매는 안 할 것 같습니다.",M,177,67,-,-,보통이에요,보통이에요,보통이에요,보통이에요,-,-,-,-,-,-
996177,MUSINSA STANDARD,릴렉스 핏 크루 넥 반팔 티셔츠 [화이트],상의,"15,900",여,핏 진짜 예뻐요 생각보다 커서 실측 기장 잘 보고 사세요~,L,153,60,-,-,커요,밝아요,선명해요,얇아요,-,-,-,-,-,-
996177,MUSINSA STANDARD,릴렉스 핏 크루 넥 반팔 티셔츠 [화이트],상의,"15,900",-,너무 크고 부해보여요ㅠㅠ 157기준 엉덩이 밑으로 3-4센치는 더 내려오고 소매도 팔꿈치 밑으로까지 덮어요 수선해서 입어야 될거 같아요,S,0,0,-,-,커요,보통이에요,보통이에요,보통이에요,-,-,-,-,-,-
996177,MUSINSA STANDARD,릴렉스 핏 크루 넥 반팔 티셔츠 [화이트],상의,"15,900",여,무텐다드 옷은 항상 믿고 사는데 기본 반팔 흰색티가 필요해서 구매했어요 생각보다 얇지만 가성비 좋습니다,M,165,70,빨라요,꼼꼼해요,커요,밝아요,선명해요,두꺼워요,-,-,-,-,-,-
996177,MUSINSA STANDARD,릴렉스 핏 크루 넥 반팔 티셔츠 [화이트],상의,"15,900",여,이너티로 입어보아요~ 레이어드로 입어주먼 굿쨩입니다~,2XL,168,70,-,-,보통이에요,보통이에요,보통이에요,보통이에요,-,-,-,-,-,-
996177,MUSINSA STANDARD,릴렉스 핏 크루 넥 반팔 티셔츠 [화이트],상의,"15,900",남,편하게 입기 좋아요. 넥라인도 튼튼하게 잘 나왔습니다,M,171,55,-,-,보통이에요,보통이에요,보통이에요,보통이에요,-,-,-,-,-,-
996177,MUSINSA STANDARD,릴렉스 핏 크루 넥 반팔 티셔츠 [화이트],상의,"15,900",-,커스텀할때 쓸려고 구매했는데 두께감도 딱 좋고 질도 좋아서 계속 구매할 듯 합니당,M,0,0,-,-,커요,보통이에요,보통이에요,보통이에요,-,-,-,-,-,-
996177,MUSINSA STANDARD,릴렉스 핏 크루 넥 반팔 티셔츠 [화이트],상의,"15,900",여,안에가 살짝 비치긴하지만 이정도면 안비치는거라고 할 수 있을정도에요! 빨고 입어서 어디 한대쥐어터진마냥 구겨져있지만 처음에는 빳빳하게 펴서 왔어요ㅎㅎ,S,160,45,-,-,보통이에요,밝아요,보통이에요,보통이에요,-,-,-,-,-,-
996177,MUSINSA STANDARD,릴렉스 핏 크루 넥 반팔 티셔츠 [화이트],상의,"15,900",남,맨날 안에 비추는 얇은 흰티만 사입어서 겉 옷을 벗기가 무안했는데 소재가 두꺼워서 안에도 안비치고 총장길이 어깨넓이 모든게 만족스러운 제품입니다 다만 평소 입는 사이즈보다 한 치수 큰 사이즈 추천드려요!,XL,173,68,-,-,보통이에요,밝아요,선명해요,보통이에요,-,-,-,-,-,-
996177,MUSINSA STANDARD,릴렉스 핏 크루 넥 반팔 티셔츠 [화이트],상의,"15,900",남,핏도 이쁘게 떨어집니다. 여름에 기본템으로 입기 너무 좋아요,L,180,68,-,-,보통이에요,보통이에요,보통이에요,보통이에요,-,-,-,-,-,-
996177,MUSINSA STANDARD,릴렉스 핏 크루 넥 반팔 티셔츠 [화이트],상의,"15,900",남,기본으로 좋아요 이번 여름에 무난하게 입을듯???합니다,L,179,70,-,-,보통이에요,보통이에요,보통이에요,보통이에요,-,-,-,-,-,-
996177,MUSINSA STANDARD,릴렉스 핏 크루 넥 반팔 티셔츠 [화이트],상의,"15,900",남,두번째 구매했어요! 데일리로 이너로 입기에 편하고 기본템으로 무난해요~,XXXL,188,87,-,-,보통이에요,보통이에요,보통이에요,보통이에요,-,-,-,-,-,-
996177,MUSINSA STANDARD,릴렉스 핏 크루 넥 반팔 티셔츠 [화이트],상의,"15,900",여,이너로 제일 좋아용 여러번 세탁해도 목부분 짱짱하구 더러워지면 또 사러오겠슴미다,S,162,58,-,-,보통이에요,밝아요,선명해요,보통이에요,-,-,-,-,-,-
996177,MUSINSA STANDARD,릴렉스 핏 크루 넥 반팔 티셔츠 [화이트],상의,"15,900",여,안에 받쳐입으려고 샀어요~ 160 기준 M 엉덩이 다 덮습니다 소매도 팔꿈치까지 와요 두께는 적당한듯 편하게 입기 좋아요,M,160,49,-,-,커요,보통이에요,보통이에요,보통이에요,-,-,-,-,-,-
996177,MUSINSA STANDARD,릴렉스 핏 크루 넥 반팔 티셔츠 [화이트],상의,"15,900",-,옷 오버핏이고 레이어드하기 딱입니닷 156인데 엉덩이 다 덮어요 옷 너무 얇지 않아서 좋아요,L,0,0,-,-,커요,보통이에요,보통이에요,보통이에요,-,-,-,-,-,-
996177,MUSINSA STANDARD,릴렉스 핏 크루 넥 반팔 티셔츠 [화이트],상의,"15,900",남,배송은 거의 우주급으로 빠르고 제품도 제질과 촉감이 무척 고급스럽네요. 근 반년동안 잘입고 이제 리뷰 올립니다,S,177,72,-,-,커요,밝아요,보통이에요,두꺼워요,-,-,-,-,-,-
996177,MUSINSA STANDARD,릴렉스 핏 크루 넥 반팔 티셔츠 [화이트],상의,"15,900",여,I love the quality and the length of t-shirt. Thanks,L,165,55,빨라요,꼼꼼해요,보통이에요,보통이에요,보통이에요,보통이에요,-,-,-,-,-,-
996177,MUSINSA STANDARD,릴렉스 핏 크루 넥 반팔 티셔츠 [화이트],상의,"15,900",남,원하는기장과 핏이 나와서 만족합니다 옷도 빳빳해서 굿,L,178,60,빨라요,꼼꼼해요,보통이에요,밝아요,선명해요,보통이에요,-,-,-,-,-,-
996177,MUSINSA STANDARD,릴렉스 핏 크루 넥 반팔 티셔츠 [화이트],상의,"15,900",남,새로산 가디건에 이너티로 입었는데 너무좋아요,L,175,63,-,-,커요,보통이에요,보통이에요,보통이에요,-,-,-,-,-,-
996177,MUSINSA STANDARD,릴렉스 핏 크루 넥 반팔 티셔츠 [화이트],상의,"15,900",여,오버하게 입기 좋아요! 단독으로 입어도 괜찮아요.,M,161,49,-,-,보통이에요,밝아요,선명해요,보통이에요,-,-,-,-,-,-
996177,MUSINSA STANDARD,릴렉스 핏 크루 넥 반팔 티셔츠 [화이트],상의,"15,900",여,뚠뚠이지만 이너로 레이어드 해서 입기도 좋고 기본으로 입기도 좋아요 ♥️🫶🏻,L,164,75,-,-,보통이에요,보통이에요,보통이에요,보통이에요,-,-,-,-,-,-
996177,MUSINSA STANDARD,릴렉스 핏 크루 넥 반팔 티셔츠 [화이트],상의,"15,900",-,오버핏으로 입기 좋습니다!! 엉덩이도 가려져서 운동하러 갈 때 편하게 입기 좋아요!! 저번에 한 번 사서 잘 입고 있었는데 뭘 먹다 흘려서 하나 더 삽니닿ㅎㅎ 원래 있던 건 잠옷으로 편하게 입을게요!!,L,0,0,-,-,커요,보통이에요,보통이에요,두꺼워요,-,-,-,-,-,-
996177,MUSINSA STANDARD,릴렉스 핏 크루 넥 반팔 티셔츠 [화이트],상의,"15,900",여,레이어드용으로 편하게 입어도 잘 늘어나지 않을 것 같아서 좋네요,S,174,58,-,-,보통이에요,보통이에요,보통이에요,보통이에요,-,-,-,-,-,-
996177,MUSINSA STANDARD,릴렉스 핏 크루 넥 반팔 티셔츠 [화이트],상의,"15,900",남,레이어드용 티셔츠가 필요했는데 무신사 스탠다드 제품을 발견해서 바로 구매했습니다! 블랙 니트에 레이어드로해서 입었더니 정말 이쁜 스타일이 나와서 좋았습니다. 두께감이 얇을줄 알았는데 보통정도여서 만족합니다!,XL,175,72,-,-,커요,밝아요,선명해요,보통이에요,-,-,-,-,-,-
996177,MUSINSA STANDARD,릴렉스 핏 크루 넥 반팔 티셔츠 [화이트],상의,"15,900",남,재질 좋아요..! 여러번 빨았는데 보풀이 안생기네요.,M,180,63,-,-,보통이에요,보통이에요,보통이에요,보통이에요,-,-,-,-,-,-
996177,MUSINSA STANDARD,릴렉스 핏 크루 넥 반팔 티셔츠 [화이트],상의,"15,900",여,L사이즈 엄청 크네요. 그야말로 하의실종이 되었습니다. M으로 살껄 싶네요. 잠옷으로 입기 최고에요.,L,161,48,-,-,커요,보통이에요,보통이에요,보통이에요,-,-,-,-,-,-
996177,MUSINSA STANDARD,릴렉스 핏 크루 넥 반팔 티셔츠 [화이트],상의,"15,900",여,무난하게 입기좋은 배이직 티셔츠! 마음에 들어서 검정색도 살려고요,M,171,56,-,-,보통이에요,보통이에요,보통이에요,보통이에요,-,-,-,-,-,-
996177,MUSINSA STANDARD,릴렉스 핏 크루 넥 반팔 티셔츠 [화이트],상의,"15,900",남,185기준 xl샀다가 기장이 짧아서 xxl샀는데 루즈하게 딱 맞네요 가성비 좋아요,XXL,186,71,-,-,커요,보통이에요,보통이에요,보통이에요,-,-,-,-,-,-
996177,MUSINSA STANDARD,릴렉스 핏 크루 넥 반팔 티셔츠 [화이트],상의,"15,900",여,핏이 너무 예뻐요 흰티는 조금만 핏 이상해도 절대 손 안가는데 맘에들어서 3장 더 주문했습니다 여름 내내 편하게 잘 입을 것 같아요,S,156,43,-,-,보통이에요,보통이에요,선명해요,보통이에요,-,-,-,-,-,-
996177,MUSINSA STANDARD,릴렉스 핏 크루 넥 반팔 티셔츠 [화이트],상의,"15,900",남,티셔츠가 짱짱하고 좋습니다 너무너무 만족해요,L,177,76,-,-,보통이에요,보통이에요,보통이에요,보통이에요,-,-,-,-,-,-
996177,MUSINSA STANDARD,릴렉스 핏 크루 넥 반팔 티셔츠 [화이트],상의,"15,900",여,동네 마실 갈 때 휘뚜루마뚜루로 잘 입히고 있습니다!,L,162,57,-,-,보통이에요,보통이에요,보통이에요,보통이에요,-,-,-,-,-,-
996177,MUSINSA STANDARD,릴렉스 핏 크루 넥 반팔 티셔츠 [화이트],상의,"15,900",남,저렴해소 싸구려 티셔츠 생각했는데 아니네요재구매 의사 있습니다,L,175,68,-,-,커요,보통이에요,보통이에요,보통이에요,-,-,-,-,-,-
996177,MUSINSA STANDARD,릴렉스 핏 크루 넥 반팔 티셔츠 [화이트],상의,"15,900",여,이너로 입었는데 좋아요 무탠다드 많이 입을거 같네요,XL,177,75,-,-,보통이에요,보통이에요,보통이에요,보통이에요,-,-,-,-,-,-
996177,MUSINSA STANDARD,릴렉스 핏 크루 넥 반팔 티셔츠 [화이트],상의,"15,900",남,완전 쫀쫀하고 핏감도 완전 이뿌게 떨어지네요 역시 갓탠다드..,M,175,57,-,-,보통이에요,보통이에요,보통이에요,보통이에요,-,-,-,-,-,-
996177,MUSINSA STANDARD,릴렉스 핏 크루 넥 반팔 티셔츠 [화이트],상의,"15,900",남,너무 좋아요 믿고 사는 무탠다드! 한사이즈 다운 추천드려요,M,182,71,-,-,보통이에요,보통이에요,보통이에요,보통이에요,-,-,-,-,-,-
996177,MUSINSA STANDARD,릴렉스 핏 크루 넥 반팔 티셔츠 [화이트],상의,"15,900",남,질도 좋고 완벽한데 한가지 아쉬운 것은사이즈가 클수록 총장 길이에 비해 팔 길이가 너무 길어서XXL부터는 반팔보다는 6부? 느낌이 납니다팔기장 총기장 밸런스가 안맞는 것 같아 아쉽습니다,XXL,189,85,-,-,보통이에요,보통이에요,보통이에요,보통이에요,-,-,-,-,-,-
996177,MUSINSA STANDARD,릴렉스 핏 크루 넥 반팔 티셔츠 [화이트],상의,"15,900",남,아하 아주 좋고요 잘입을것 같고요 다른 색도 샀고요~,M,172,65,-,-,보통이에요,보통이에요,보통이에요,보통이에요,-,-,-,-,-,-
996177,MUSINSA STANDARD,릴렉스 핏 크루 넥 반팔 티셔츠 [화이트],상의,"15,900",남,셔츠 안에 입을 것 보다가 가격도 괜찮고 나중에 여러 옷에 레이어드도 해서 입을 겸 샀는데 만족합니다,M,167,62,-,-,보통이에요,보통이에요,보통이에요,보통이에요,-,-,-,-,-,-
996177,MUSINSA STANDARD,릴렉스 핏 크루 넥 반팔 티셔츠 [화이트],상의,"15,900",여,키 164입니다 루즈하게 오버핏으로 입기 좋아요,L,164,46,-,-,커요,보통이에요,보통이에요,보통이에요,-,-,-,-,-,-
996177,MUSINSA STANDARD,릴렉스 핏 크루 넥 반팔 티셔츠 [화이트],상의,"15,900",여,어디든 매치하기 쉬운 기본템 재질도 탄탄하고 좋아요,L,170,60,-,-,보통이에요,보통이에요,보통이에요,보통이에요,-,-,-,-,-,-
996177,MUSINSA STANDARD,릴렉스 핏 크루 넥 반팔 티셔츠 [화이트],상의,"15,900",남,너무 만족스러운 기본템입니다 👍🥰질감 색감등 모든게 만족스럽습니다 극추,M,176,64,-,-,보통이에요,보통이에요,보통이에요,보통이에요,-,-,-,-,-,-
996177,MUSINSA STANDARD,릴렉스 핏 크루 넥 반팔 티셔츠 [화이트],상의,"15,900",여,다들 엄청 크다고 해서 S 시켜야 되나 고민했는데 맨투맨 안에 입을거고 원래 크게 입어서 걍 M했는데 생각보다 안커요 ㅋㅋ 단독으로 입어도 편하게 입을듯요 근데 팔은 품이 크고 길어요 대신 허리랑 길이는 생각보단 안긴듯요 재질도 짱짱하고 괜찮네요 ㅋㅋ 세탁해도 안줄어들길 바랄뿐이에요..,M,158,52,-,-,보통이에요,보통이에요,보통이에요,보통이에요,-,-,-,-,-,-
996177,MUSINSA STANDARD,릴렉스 핏 크루 넥 반팔 티셔츠 [화이트],상의,"15,900",남,120사이즌데 113키로인 남편한테 잘 맞네용^^요런 후기는 없는거같아요 빅사이즈 ㅋㅋ남편이 너무좋아해요,XXXL,179,112,-,-,커요,밝아요,선명해요,보통이에요,-,-,-,-,-,-
996177,MUSINSA STANDARD,릴렉스 핏 크루 넥 반팔 티셔츠 [화이트],상의,"15,900",남,레이어드용으로 샀습니다. 크게 샀더니 품이 좀 커서 약간 울긴하지만 가격 대비 원단도 좋고 만족합니다,L,167,60,-,-,커요,보통이에요,보통이에요,보통이에요,-,-,-,-,-,-
996177,MUSINSA STANDARD,릴렉스 핏 크루 넥 반팔 티셔츠 [화이트],상의,"15,900",남,너무 목라인깊어서 이상합니다 사지마세용 3천원 더주고 다른거사세요,S,170,50,-,-,커요,밝아요,선명해요,보통이에요,-,-,-,-,-,-
996177,MUSINSA STANDARD,릴렉스 핏 크루 넥 반팔 티셔츠 [화이트],상의,"15,900",여,넘좋아서 두번째로 구매했어요 레이어드하기 딱,M,155,50,-,-,보통이에요,보통이에요,보통이에요,보통이에요,-,-,-,-,-,-
996177,MUSINSA STANDARD,릴렉스 핏 크루 넥 반팔 티셔츠 [화이트],상의,"15,900",남,이너로도 단품으로도 착용하기 좋은 기본 반팔티입니다,M,175,54,-,-,보통이에요,보통이에요,보통이에요,보통이에요,-,-,-,-,-,-
996177,MUSINSA STANDARD,릴렉스 핏 크루 넥 반팔 티셔츠 [화이트],상의,"15,900",남,검정색도 샀는데 검정색은 어깨선에 천이 약간 말려들어가있어서? 마감이 아쉬움. 가까이서 안보면 안보이긴함,M,175,60,-,-,보통이에요,보통이에요,보통이에요,보통이에요,-,-,-,-,-,-
996177,MUSINSA STANDARD,릴렉스 핏 크루 넥 반팔 티셔츠 [화이트],상의,"15,900",남,기장이 길어서 맨투맨이나 캐주얼하게 레이어드해서 입기 좋아요. 캐주얼 자켓 안에는 M사이즈 입고 맨투맨 안에는L사이즈로 입는데 딱 좋습니다. 두께는 살짝 두꺼워요.,M,171,67,-,-,보통이에요,보통이에요,보통이에요,두꺼워요,-,-,-,-,-,-
996177,MUSINSA STANDARD,릴렉스 핏 크루 넥 반팔 티셔츠 [화이트],상의,"15,900",남,어깨는 넓게나오고 기장은 짧아서 좋아요 강추합니다,S,170,65,-,-,보통이에요,밝아요,선명해요,보통이에요,-,-,-,-,-,-
996177,MUSINSA STANDARD,릴렉스 핏 크루 넥 반팔 티셔츠 [화이트],상의,"15,900",여,가을 다가오면서 맨투맨이나 후드 안에 입을 기본 반소매티가 필요해서 구매했습니다! S 사이즈인데도 생각보다 크고 길었어요핏도 탄탄하고 재질도 좋은 편이라서 그냥 입고 다녀도 예뻐요!대신에 암홀 부분이 너무 넓어서 바지 안에 넣어 입으면 팔 들기가 불편하고... 넓다 보니까 자칫 팔 잘못 들면 옷 안이 다 보여요 ㅠㅠ,S,163,45,빨라요,꼼꼼해요,커요,밝아요,선명해요,보통이에요,-,-,-,-,-,-
996177,MUSINSA STANDARD,릴렉스 핏 크루 넥 반팔 티셔츠 [화이트],상의,"15,900",남,무슨옷에든 가장 필요한 옷은 바로 흰티일겁니다! 이티는 일단 너무 얇지 않아서 살이 비치지 않아요! 보통 싼티셔츠는 얇은데 이건 적당합니다! 여름에 입기 굿 얇지 않아서 엄청 가볍지 않지만 그렇다고 무겁지도 않아요 가성비 최고라고 생각합니다! 청바지에 입으로 최고일듯,L,176,73,빨라요,꼼꼼해요,보통이에요,보통이에요,선명해요,보통이에요,-,-,-,-,-,-
996177,MUSINSA STANDARD,릴렉스 핏 크루 넥 반팔 티셔츠 [화이트],상의,"15,900",여,"레이어드용으로 구매했는데요, 기장은 적당한데 넥라인이 살짝 두꺼워서,,,, 운동회 느낌이라 아쉬워요",M,167,52,빨라요,꼼꼼해요,보통이에요,보통이에요,보통이에요,보통이에요,-,-,-,-,-,-
996177,MUSINSA STANDARD,릴렉스 핏 크루 넥 반팔 티셔츠 [화이트],상의,"15,900",남,흰반팔티 소모품으로 가성비 좋게 사기에 좋습니다,S,167,61,빨라요,꼼꼼해요,보통이에요,보통이에요,보통이에요,보통이에요,-,-,-,-,-,-
996177,MUSINSA STANDARD,릴렉스 핏 크루 넥 반팔 티셔츠 [화이트],상의,"15,900",남,길이가 생각보다 짧아서 레이어드의 의미가 약간 사라졌어요.. 그래도 오래 잘 입을 것 같습니다!,XL,181,73,-,-,보통이에요,밝아요,선명해요,얇아요,-,-,-,-,-,-
996177,MUSINSA STANDARD,릴렉스 핏 크루 넥 반팔 티셔츠 [화이트],상의,"15,900",여,기본적인 반팔티는 역시 무탠다드죠 오버하지 않고 딱맞게 잘 산것 같아요,S,167,59,-,-,보통이에요,보통이에요,보통이에요,보통이에요,-,-,-,-,-,-
996177,MUSINSA STANDARD,릴렉스 핏 크루 넥 반팔 티셔츠 [화이트],상의,"15,900",남,흰 티셔츠가 필요해서 샀습니다. 잘 입고 다녀볼게요,S,163,62,-,-,보통이에요,밝아요,보통이에요,보통이에요,-,-,-,-,-,-
996177,MUSINSA STANDARD,릴렉스 핏 크루 넥 반팔 티셔츠 [화이트],상의,"15,900",남,흠 잡을 데가 없네요^^ 저는 레이어드도 너무 긴 거 안 좋아해서 걍 베이직 핏으로 레이어드 함. 대신 아우터를 짧게. 뭐 암튼 이런 기본 옷은 무탠다드 따라잡기 어려운 듯.,L,176,77,-,-,보통이에요,보통이에요,선명해요,보통이에요,-,-,-,-,-,-
996177,MUSINSA STANDARD,릴렉스 핏 크루 넥 반팔 티셔츠 [화이트],상의,"15,900",남,대박입니다. 가성비 최고네요. 기본템은 언제나 무탠다드에서~! 이너로 레이어드로 그냥 하나만 걸치기용으로도 다 최고입니다 ㅎㅎ,XL,183,77,-,-,보통이에요,보통이에요,보통이에요,보통이에요,-,-,-,-,-,-
996177,MUSINSA STANDARD,릴렉스 핏 크루 넥 반팔 티셔츠 [화이트],상의,"15,900",남,남찡구 사줬는데 잘어울리네여ㅕ 암것도 없고 그냥 흰티 인데도 엄청 스타일 조아보여요,M,172,52,-,-,보통이에요,보통이에요,보통이에요,보통이에요,-,-,-,-,-,-
996177,MUSINSA STANDARD,릴렉스 핏 크루 넥 반팔 티셔츠 [화이트],상의,"15,900",여,면 완전 탄탄하고 가격대비 퀄이 좋아요! 무신사 스탠다드 처음 이용해봤는데 굳,S,166,55,-,-,보통이에요,밝아요,선명해요,보통이에요,-,-,-,-,-,-
996177,MUSINSA STANDARD,릴렉스 핏 크루 넥 반팔 티셔츠 [화이트],상의,"15,900",남,너무마음에들어서하나더샀습니다 다음에도재구매각입니닷.,M,163,59,-,-,보통이에요,보통이에요,보통이에요,보통이에요,-,-,-,-,-,-
996177,MUSINSA STANDARD,릴렉스 핏 크루 넥 반팔 티셔츠 [화이트],상의,"15,900",-,완전완전 좋아요 !! 좋습니다 ㅎㅎ 헤헤 호허 다들 사세요,L,0,0,-,-,보통이에요,보통이에요,보통이에요,보통이에요,-,-,-,-,-,-
996177,MUSINSA STANDARD,릴렉스 핏 크루 넥 반팔 티셔츠 [화이트],상의,"15,900",남,기본 티셔츠로 추천해요 사이즈 좀 길어요 비치지않아료,L,178,63,-,-,커요,보통이에요,보통이에요,보통이에요,-,-,-,-,-,-
996177,MUSINSA STANDARD,릴렉스 핏 크루 넥 반팔 티셔츠 [화이트],상의,"15,900",-,기본 티 최고를 찾은 기분이네요.다른 곳들은 기장 너무 길어서 수선도 했는데 딱이예요.흘러내리는 핏도 너무 이뻐요,XL,0,0,-,-,보통이에요,보통이에요,보통이에요,보통이에요,-,-,-,-,-,-
996177,MUSINSA STANDARD,릴렉스 핏 크루 넥 반팔 티셔츠 [화이트],상의,"15,900",남,옷감이 두꺼워서 좋았지만 저의 건포도가 좀 더 강했습니다 그래도 가성비 좋아요!,L,177,80,-,-,보통이에요,보통이에요,보통이에요,두꺼워요,-,-,-,-,-,-
996177,MUSINSA STANDARD,릴렉스 핏 크루 넥 반팔 티셔츠 [화이트],상의,"15,900",남,재질 진짜좋아요. 다른거 살빠에 이거 추천드립니다.,2XL,170,80,-,-,보통이에요,보통이에요,보통이에요,보통이에요,-,-,-,-,-,-
996177,MUSINSA STANDARD,릴렉스 핏 크루 넥 반팔 티셔츠 [화이트],상의,"15,900",여,길이도 딱 좋고 두께감도 너무 두껍지도 얇지도 않아서 기본 티셔츠로 입기 좋아요,S,168,53,-,-,보통이에요,보통이에요,보통이에요,보통이에요,-,-,-,-,-,-
996177,MUSINSA STANDARD,릴렉스 핏 크루 넥 반팔 티셔츠 [화이트],상의,"15,900",여,역시 무탠다드! 비침도 그리 심하지 않아서 좋아요. 여름엔 요거 하나 입어도 좋음,S,164,51,-,-,보통이에요,보통이에요,보통이에요,보통이에요,-,-,-,-,-,-
996177,MUSINSA STANDARD,릴렉스 핏 크루 넥 반팔 티셔츠 [화이트],상의,"15,900",여,무난 그 자체~ 후드티나 맨투맨 안에 레이어드하기 좋아요 사이즈 고민안 하고 그냥 m샀는데 자주 빨다보니까 조금 줄어드는 것 같기도 함,M,167,67,-,-,보통이에요,보통이에요,선명해요,보통이에요,-,-,-,-,-,-
996177,MUSINSA STANDARD,릴렉스 핏 크루 넥 반팔 티셔츠 [화이트],상의,"15,900",남,"기장이 생각보다 긴데 가슴, 어깨는 딱 적당해서 좋아요",S,158,49,-,-,보통이에요,보통이에요,보통이에요,보통이에요,-,-,-,-,-,-
996177,MUSINSA STANDARD,릴렉스 핏 크루 넥 반팔 티셔츠 [화이트],상의,"15,900",남,흘러내리는 핏이 좋네요 가격대비 퀄리티 우수합니다,XL,176,88,-,-,보통이에요,보통이에요,보통이에요,보통이에요,-,-,-,-,-,-
996177,MUSINSA STANDARD,릴렉스 핏 크루 넥 반팔 티셔츠 [화이트],상의,"15,900",남,가성비 좋고 너무 이쁘고 편하네요ㅎㅎ 잘산거 같네요,XL,181,93,-,-,보통이에요,보통이에요,보통이에요,보통이에요,-,-,-,-,-,-
996177,MUSINSA STANDARD,릴렉스 핏 크루 넥 반팔 티셔츠 [화이트],상의,"15,900",여,무난하고 깔끔해서 입기 좋아요 제 덩치보다 좀 많이 크긴 합니다,S,155,48,-,-,커요,밝아요,보통이에요,보통이에요,-,-,-,-,-,-
996177,MUSINSA STANDARD,릴렉스 핏 크루 넥 반팔 티셔츠 [화이트],상의,"15,900",남,레이어드용으로 구매했는데 질도 좋아서 만족합니다!,L,173,56,-,-,보통이에요,보통이에요,보통이에요,보통이에요,-,-,-,-,-,-
996177,MUSINSA STANDARD,릴렉스 핏 크루 넥 반팔 티셔츠 [화이트],상의,"15,900",여,체격이 큰편이라 넉넉한 사이즈를 구매했는데 완전 크네요 ㅎㅎ.. 레이어드 해서 입기엔 너무 길어서 아쉬운 부분이 있지만 작은사이즈를 구매하면 더 괜찮을것 같아요!! 목부분이 쪼금 아쉬웠지만 티셔츠 두께와 퀄리티는 만족합니다!!!,2XL,167,83,-,-,커요,밝아요,선명해요,보통이에요,-,-,-,-,-,-
996177,MUSINSA STANDARD,릴렉스 핏 크루 넥 반팔 티셔츠 [화이트],상의,"15,900",남,이너로도 좋고 단품으로 좋아요 이쁘고 재질 괜찮아서 가성비 좋은 거 같아요,XL,182,81,-,-,보통이에요,보통이에요,보통이에요,보통이에요,-,-,-,-,-,-
996177,MUSINSA STANDARD,릴렉스 핏 크루 넥 반팔 티셔츠 [화이트],상의,"15,900",남,아주 편하게 잘 입을 수 있을 거 같습니다 목 늘어남 조금 있지만 별 걱정은 안해도 될 것 같아요,L,178,70,-,-,보통이에요,밝아요,보통이에요,보통이에요,-,-,-,-,-,-
996177,MUSINSA STANDARD,릴렉스 핏 크루 넥 반팔 티셔츠 [화이트],상의,"15,900",남,"소재도 좋고, 옷이 탄탄합니다. 편하게 입기 좋을거 같아요",M,173,63,-,-,보통이에요,밝아요,보통이에요,보통이에요,-,-,-,-,-,-
996177,MUSINSA STANDARD,릴렉스 핏 크루 넥 반팔 티셔츠 [화이트],상의,"15,900",여,진짜 사고나서 일주일에 4번은 입었어요 편하고 무난함,L,174,50,-,-,보통이에요,보통이에요,보통이에요,보통이에요,-,-,-,-,-,-
996177,MUSINSA STANDARD,릴렉스 핏 크루 넥 반팔 티셔츠 [화이트],상의,"15,900",남,기본 흰티가 필요해서 알아보다가 샀는데 무탠다드가 역시 가성비 갑입니다,M,176,63,-,-,보통이에요,보통이에요,보통이에요,보통이에요,-,-,-,-,-,-
996177,MUSINSA STANDARD,릴렉스 핏 크루 넥 반팔 티셔츠 [화이트],상의,"15,900",남,넉넉한 핏으로 여름 내내 편하게 잘 입을 수 있었고. 재질도 너무 얇거나 약하지 않아서 세탁 후 변형도 없는 편.,L,179,67,-,-,보통이에요,보통이에요,보통이에요,보통이에요,-,-,-,-,-,-
996177,MUSINSA STANDARD,릴렉스 핏 크루 넥 반팔 티셔츠 [화이트],상의,"15,900",남,품도 넓고 오버핏으로 안에 이너로 딱입니다. 단독도 좋아요,XL,175,60,-,-,보통이에요,보통이에요,보통이에요,보통이에요,-,-,-,-,-,-
996177,MUSINSA STANDARD,릴렉스 핏 크루 넥 반팔 티셔츠 [화이트],상의,"15,900",여,좋아효 흰티는 기본템이져~~ 무탠다드가 제일 가성비 좋고 질도 좋아여,L,162,56,-,-,보통이에요,보통이에요,보통이에요,보통이에요,-,-,-,-,-,-
996177,MUSINSA STANDARD,릴렉스 핏 크루 넥 반팔 티셔츠 [화이트],상의,"15,900",남,색상도 잘 나왔고 예뻐요! 사이즈는 딱 정핏인 것 같아요.,XL,188,80,-,-,보통이에요,보통이에요,보통이에요,보통이에요,-,-,-,-,-,-
996177,MUSINSA STANDARD,릴렉스 핏 크루 넥 반팔 티셔츠 [화이트],상의,"15,900",남,첨에 아들이 M사이즈 사려고 했는데 제가 조끼를 L사이즈 사니까 같이 L사이즈 사라고했더니 딱입니다싸게 잘샀어요,L,180,59,-,-,보통이에요,보통이에요,보통이에요,보통이에요,-,-,-,-,-,-
996177,MUSINSA STANDARD,릴렉스 핏 크루 넥 반팔 티셔츠 [화이트],상의,"15,900",여,생각보다 기장길고 두께감도 있어요 후뚜루마뚜루입기조아요,S,157,50,-,-,커요,보통이에요,보통이에요,보통이에요,-,-,-,-,-,-
996177,MUSINSA STANDARD,릴렉스 핏 크루 넥 반팔 티셔츠 [화이트],상의,"15,900",남,옷이 가격에 비해 정말 촘촘하고 옷 안에 피부가 비치지 않으며 목 늘어남 걱정이 없을 마감 입니다 ㅎㅎ 잘 입고 있어요,L,177,60,-,-,커요,보통이에요,선명해요,보통이에요,-,-,-,-,-,-
996177,MUSINSA STANDARD,릴렉스 핏 크루 넥 반팔 티셔츠 [화이트],상의,"15,900",남,핏 너무 좋아요. 또 구매할거같아요. 추천드립니다.,XXL,187,80,-,-,커요,보통이에요,보통이에요,보통이에요,-,-,-,-,-,-
996177,MUSINSA STANDARD,릴렉스 핏 크루 넥 반팔 티셔츠 [화이트],상의,"15,900",여,딱 사진이랑 똑같은 핏이예요. 여자분들 참고하시라고 올려요~! 팔부분이 좀 크다고 느껴지기도 하는데 편하게 입으려고 산거라 만족합니당,M,164,53,-,-,보통이에요,밝아요,선명해요,보통이에요,-,-,-,-,-,-
996177,MUSINSA STANDARD,릴렉스 핏 크루 넥 반팔 티셔츠 [화이트],상의,"15,900",여,하얀색은 아예 내복같아서 단독으로 입을 생각은 마쇼,M,163,53,-,-,보통이에요,보통이에요,보통이에요,보통이에요,-,-,-,-,-,-
996177,MUSINSA STANDARD,릴렉스 핏 크루 넥 반팔 티셔츠 [화이트],상의,"15,900",여,조끼랑 함께 입었어요^.^요즘은 이거 하나만 입고 나가도 괜찮네요,M,156,54,-,-,보통이에요,보통이에요,보통이에요,보통이에요,-,-,-,-,-,-
996177,MUSINSA STANDARD,릴렉스 핏 크루 넥 반팔 티셔츠 [화이트],상의,"15,900",여,조아요~~살짝 얇은 감이 없지 않아 있지만 편하게 입기 조습니다.여름 지나도 레이어드용으로 입으먼 댈 것 같네여~~~,S,160,47,-,-,보통이에요,보통이에요,보통이에요,보통이에요,-,-,-,-,-,-
996177,MUSINSA STANDARD,릴렉스 핏 크루 넥 반팔 티셔츠 [화이트],상의,"15,900",여,티가 깔끔하고 이쁩니다 목이널널해서 편해요.기본템으로 잘샀습니다.,XXL,168,101,-,-,보통이에요,밝아요,선명해요,보통이에요,-,-,-,-,-,-
996177,MUSINSA STANDARD,릴렉스 핏 크루 넥 반팔 티셔츠 [화이트],상의,"15,900",여,레이어드할려고 산건데 루즈핏으로 딱 이뻐요 맘에 듭니다!!,M,160,60,-,-,보통이에요,밝아요,선명해요,보통이에요,-,-,-,-,-,-
996177,MUSINSA STANDARD,릴렉스 핏 크루 넥 반팔 티셔츠 [화이트],상의,"15,900",남,데일리기본탬이라 잘입고있어요이너로 입기에도좋구요,L,180,72,-,-,보통이에요,보통이에요,보통이에요,보통이에요,-,-,-,-,-,-
996177,MUSINSA STANDARD,릴렉스 핏 크루 넥 반팔 티셔츠 [화이트],상의,"15,900",남,1. 핏 이쁘게 떨어짐.2. 16수라 늘어날 걱정은 없음.     대신 세탁 후 스팀시간이 길어짐.3. 기본에 충실한 데일리템.,M,171,55,-,-,보통이에요,보통이에요,보통이에요,보통이에요,-,-,-,-,-,-
996177,MUSINSA STANDARD,릴렉스 핏 크루 넥 반팔 티셔츠 [화이트],상의,"15,900",남,그냥 입으면 저가 좀 공격적인 눈이라  제3의 눈 보이긴 하네요...니트베스트로 가리고 있어요!,M,171,64,-,-,보통이에요,보통이에요,보통이에요,보통이에요,-,-,-,-,-,-
996177,MUSINSA STANDARD,릴렉스 핏 크루 넥 반팔 티셔츠 [화이트],상의,"15,900",남,좋아요 그냥 가격값한는 옷이에용 굳굳ㅇ굳이굳ㄴ굳굳,L,178,67,-,-,보통이에요,보통이에요,보통이에요,보통이에요,-,-,-,-,-,-
996177,MUSINSA STANDARD,릴렉스 핏 크루 넥 반팔 티셔츠 [화이트],상의,"15,900",여,딱 괜찮은거같아용 티가 적절히 내려와서 레이어드 하니껜 ~~~~,S,160,48,-,-,보통이에요,보통이에요,보통이에요,보통이에요,-,-,-,-,-,-
996177,MUSINSA STANDARD,릴렉스 핏 크루 넥 반팔 티셔츠 [화이트],상의,"15,900",남,이너로 입으려고 구매했는데 단품으로 입어도 되겠네요실루엣과 넥라인이 특히 맘에 듭니다,L,165,88,-,-,보통이에요,보통이에요,선명해요,보통이에요,-,-,-,-,-,-
996177,MUSINSA STANDARD,릴렉스 핏 크루 넥 반팔 티셔츠 [화이트],상의,"15,900",남,그냥 무지 반팔티에요 사이즈는 살짝 오버핏? 이어서 170대 이신분들은 m만해도 충분히 맞을거 같아요,M,171,66,-,-,보통이에요,보통이에요,보통이에요,보통이에요,-,-,-,-,-,-
996177,MUSINSA STANDARD,릴렉스 핏 크루 넥 반팔 티셔츠 [화이트],상의,"15,900",여,핏 예쁘게 나오네요 근데 생각보다 얇긴한데 좋아서 두개 더 시킴,S,165,50,-,-,보통이에요,보통이에요,보통이에요,보통이에요,-,-,-,-,-,-
996177,MUSINSA STANDARD,릴렉스 핏 크루 넥 반팔 티셔츠 [화이트],상의,"15,900",남,음 xl라고 생각했는데 2xl정도로 커요!일반핏보다는 오버핏사이즈나 레이아웃스타일로 입으면 좋을듯요!,XL,178,90,-,-,커요,보통이에요,보통이에요,보통이에요,-,-,-,-,-,-
996177,MUSINSA STANDARD,릴렉스 핏 크루 넥 반팔 티셔츠 [화이트],상의,"15,900",남,이너로 잘 활용하고 있습니다 여러가 한번에사서 돌려입어야겠어요,M,175,67,-,-,보통이에요,보통이에요,보통이에요,보통이에요,-,-,-,-,-,-
996177,MUSINSA STANDARD,릴렉스 핏 크루 넥 반팔 티셔츠 [화이트],상의,"15,900",남,이너로 입기 아주 좋고 오버하니 핏 이쁘게 떨어지네요,M,165,50,-,-,보통이에요,보통이에요,보통이에요,보통이에요,-,-,-,-,-,-
996177,MUSINSA STANDARD,릴렉스 핏 크루 넥 반팔 티셔츠 [화이트],상의,"15,900",남,애기가 문대도 거뜬 없는 티입니다. 세미오버핏이고 원단은 나쁘지 않으나 목 시보리가 조금만 더 얇았으면 어땠을까 생각합니다.,M,175,64,-,-,보통이에요,보통이에요,보통이에요,보통이에요,-,-,-,-,-,-
996177,MUSINSA STANDARD,릴렉스 핏 크루 넥 반팔 티셔츠 [화이트],상의,"15,900",남,전투용으로 막 입으려고 구매했습니다. 넥라인이 두껍지만 핏감은 좋네용. 재질도 쏘쏘,L,185,73,-,-,보통이에요,보통이에요,보통이에요,보통이에요,-,-,-,-,-,-
996177,MUSINSA STANDARD,릴렉스 핏 크루 넥 반팔 티셔츠 [화이트],상의,"15,900",여,생각보다 사이즈도 별로 안널널하고 목부분 디자인도 다른 무신사스탠다드 티셔츠랑 달라서 별로인 느낌이에요 ㅠㅠ,S,153,44,-,-,보통이에요,보통이에요,보통이에요,보통이에요,-,-,-,-,-,-
996177,MUSINSA STANDARD,릴렉스 핏 크루 넥 반팔 티셔츠 [화이트],상의,"15,900",남,여윽시 무탠다드 입니다!! 기본티로 아주 좋습니당검은 반바지와 블랙 타이즈로 매치해 보았어요,L,184,76,-,-,보통이에요,보통이에요,보통이에요,보통이에요,-,-,-,-,-,-
996177,MUSINSA STANDARD,릴렉스 핏 크루 넥 반팔 티셔츠 [화이트],상의,"15,900",남,평소에 XL입는데 약간 큰 느낌이라 L시켰더니 딱 원하는 핏이 나와요 꼭찌s 비침도 없고 딱 좋아요ㅋㅋ,L,174,80,-,-,보통이에요,밝아요,선명해요,보통이에요,-,-,-,-,-,-
996177,MUSINSA STANDARD,릴렉스 핏 크루 넥 반팔 티셔츠 [화이트],상의,"15,900",남,"181 / 73 L사이즈 잘맞아요적당히 레이어드 하기에 길이 괜찮고 단품도 괜찮을거같아요비침이나 주름은 일반적인 면 티랑 비슷한거같고이 가격에 이 마감,재질은 무조건 사야겠다는 생각이 드네요",L,181,73,-,-,보통이에요,보통이에요,보통이에요,보통이에요,-,-,-,-,-,-
996177,MUSINSA STANDARD,릴렉스 핏 크루 넥 반팔 티셔츠 [화이트],상의,"15,900",남,S보단 M사이즈가 괜찮은 느낌. 이너로 입기에 부족함이 없음. L사이즈도 재구매예정.,M,170,60,-,-,보통이에요,보통이에요,보통이에요,보통이에요,-,-,-,-,-,-
996177,MUSINSA STANDARD,릴렉스 핏 크루 넥 반팔 티셔츠 [화이트],상의,"15,900",남,역시 무신사 수탠다드답게 기본하는 무지 흰티네요,M,172,59,-,-,보통이에요,보통이에요,보통이에요,얇아요,-,-,-,-,-,-
996177,MUSINSA STANDARD,릴렉스 핏 크루 넥 반팔 티셔츠 [화이트],상의,"15,900",남,"저 처럼 멍청한 넘은 없겠지만 총장보고 사시는거 아니죠??ㅎㅎ,,ㅠㅜ사진은 깔끔해 보이지만 치마자국 다 뒤로 넘기고 찍은겁니다..제품자체는 좋아요 제질이라던가",XL,172,75,-,-,커요,보통이에요,보통이에요,보통이에요,-,-,-,-,-,-
996177,MUSINSA STANDARD,릴렉스 핏 크루 넥 반팔 티셔츠 [화이트],상의,"15,900",여,이너로 입으려고 샀는데 그냥 무난무난해요키가 153인데 길이가 밑에 쫌 나오게? 레이어드해서 입기 좋아요,M,153,54,-,-,보통이에요,보통이에요,보통이에요,얇아요,-,-,-,-,-,-
996177,MUSINSA STANDARD,릴렉스 핏 크루 넥 반팔 티셔츠 [화이트],상의,"15,900",-,길이랑 폭 다 맘에들어요 완전 만족합니당 또 구매하고싶어요 배부분 튀어나온거 뱃살 아니고 바지임,XL,0,0,-,-,보통이에요,보통이에요,보통이에요,보통이에요,-,-,-,-,-,-
996177,MUSINSA STANDARD,릴렉스 핏 크루 넥 반팔 티셔츠 [화이트],상의,"15,900",남,레이어드 할라고 샀는데 그냥 입어도 무난무난하고 재질도 좋아 만족합니다 ㅎㅎ 기본템 찾으시는 남성분들 당장 구매하세요,M,170,70,-,-,커요,밝아요,선명해요,두꺼워요,-,-,-,-,-,-
996177,MUSINSA STANDARD,릴렉스 핏 크루 넥 반팔 티셔츠 [화이트],상의,"15,900",-,맨투맨 이너로 또 편하게 오버사이즈로 입으려하는데 여자 사이즈가 성에 안차서 남자 m으로 왔습니다. 어깨선 팔뚝에 있어서 소매끝 팔꿈치 안쪽 닿고 기장은 엉덩이 거의 다 덮어요.,M,0,0,-,-,커요,보통이에요,보통이에요,보통이에요,-,-,-,-,-,-
996177,MUSINSA STANDARD,릴렉스 핏 크루 넥 반팔 티셔츠 [화이트],상의,"15,900",남,짦은 기장의 반바지와 매칭하면 봄여름가을 까지 편하게 코디 가능해요,XL,177,73,-,-,보통이에요,보통이에요,보통이에요,보통이에요,-,-,-,-,-,-
996177,MUSINSA STANDARD,릴렉스 핏 크루 넥 반팔 티셔츠 [화이트],상의,"15,900",남,그냥 뭐라 할 말이 없는 가성비 짱짱 기본 티셔츠. 다만 단점이라면 살짝 구김이 있다만 쿠폰 적립금 쓰면 만원도 안 되는 가격에 살 수 있는 점을 감안하면 나쁘지 않음 ㅎ ㅎ,S,173,52,-,-,보통이에요,밝아요,선명해요,얇아요,-,-,-,-,-,-
996177,MUSINSA STANDARD,릴렉스 핏 크루 넥 반팔 티셔츠 [화이트],상의,"15,900",-,이너로 입기도 좋고 단품으로도 입기 좋아요 후기 작성하느라 코디가 별로네요 ㅜㅜ,S,0,0,-,-,보통이에요,보통이에요,보통이에요,보통이에요,-,-,-,-,-,-
996177,MUSINSA STANDARD,릴렉스 핏 크루 넥 반팔 티셔츠 [화이트],상의,"15,900",남,편하게 막입고 다닐라고 샀는데 사이즈도 레귤러로 적당하게 잘나오고 좋아요,L,180,75,-,-,커요,보통이에요,보통이에요,보통이에요,-,-,-,-,-,-
996177,MUSINSA STANDARD,릴렉스 핏 크루 넥 반팔 티셔츠 [화이트],상의,"15,900",남,재질이 그렇게 좋지는 않지만 한두철 입기이 적당한 가격에 가성비 옷 같습니다 !! 살짝 세미 오버핏 느낌이네요!,L,180,73,-,-,보통이에요,보통이에요,보통이에요,보통이에요,-,-,-,-,-,-
996177,MUSINSA STANDARD,릴렉스 핏 크루 넥 반팔 티셔츠 [화이트],상의,"15,900",-,생각보다 엄청 크네요 남자사이즈인거 알았지만 더 크고 길어서 놀랐어요 근데 질도 부들부들하고 탄탄해서 잘 입고 다닐거 같아요~~,M,0,0,-,-,커요,밝아요,보통이에요,보통이에요,-,-,-,-,-,-
996177,MUSINSA STANDARD,릴렉스 핏 크루 넥 반팔 티셔츠 [화이트],상의,"15,900",남,진짜 항상 느끼지만 무탠다드 가성비 엄청나네요 ㄷㄷ,M,175,62,-,-,보통이에요,보통이에요,보통이에요,보통이에요,-,-,-,-,-,-
996177,MUSINSA STANDARD,릴렉스 핏 크루 넥 반팔 티셔츠 [화이트],상의,"15,900",남,너무 이쁘고 편해요 단품으로 입어도되고 이너로 입어도 이쁘네요!,M,182,72,-,-,보통이에요,보통이에요,보통이에요,보통이에요,-,-,-,-,-,-
996177,MUSINSA STANDARD,릴렉스 핏 크루 넥 반팔 티셔츠 [화이트],상의,"15,900",남,사이즈도 딱 맞고재질도 좋은것 같습니다잘입을게요,L,180,60,-,-,보통이에요,보통이에요,보통이에요,보통이에요,-,-,-,-,-,-
996177,MUSINSA STANDARD,릴렉스 핏 크루 넥 반팔 티셔츠 [화이트],상의,"15,900",남,넥라인이 조금 넓긴하지만 생각보다 쫀쫀하고세탁 후 수축도 없어요원단도 쵸큼 도톰해서 단품으로 입어도 꼭x걱정없습니다!이가격에 이퀄리티라니 여름 기본반팔 킹성비애오,M,169,72,-,-,보통이에요,보통이에요,보통이에요,보통이에요,-,-,-,-,-,-
996177,MUSINSA STANDARD,릴렉스 핏 크루 넥 반팔 티셔츠 [화이트],상의,"15,900",여,기본티로 잘 입을 거 같아요 두께감 있고 질 좋은 거 같아요,S,163,68,-,-,보통이에요,보통이에요,보통이에요,보통이에요,-,-,-,-,-,-
996177,MUSINSA STANDARD,릴렉스 핏 크루 넥 반팔 티셔츠 [화이트],상의,"15,900",-,처음에는 너무 오버핏인줄 알았는데  입어보니 괜,XL,0,0,-,-,보통이에요,밝아요,보통이에요,보통이에요,-,-,-,-,-,-
996177,MUSINSA STANDARD,릴렉스 핏 크루 넥 반팔 티셔츠 [화이트],상의,"15,900",-,무신사 스탠다드 이름값하는 티셔츠. 너무 얇아서 꼭지쓰 다 비침,M,0,0,-,-,보통이에요,보통이에요,보통이에요,얇아요,-,-,-,-,-,-
996177,MUSINSA STANDARD,릴렉스 핏 크루 넥 반팔 티셔츠 [화이트],상의,"15,900",-,174 61 세미오버목부분이 살짝 넓달까.. 먼가 후리한 느낌맨투맨 이너로 ㄱㅊ을듯,S,0,0,-,-,-,-,-,-,-,-,-,-,-,-
996177,MUSINSA STANDARD,릴렉스 핏 크루 넥 반팔 티셔츠 [화이트],상의,"15,900",남,역시 믿고 사는 무신사 입니다 ! 매년 여러벌 사서 입고다니는데 가장좋아하는 부드러운 재질과 사이즈도 너무 만족스럽고 좋아요 ! 사계절 무슨 옷을입던 안에 꼭 입기에 매일 잘 입고있습니다 👍심플하고 무난하고 색감도 재질도 굿굿 ㅎㅎ,M,170,63,빨라요,꼼꼼해요,보통이에요,보통이에요,보통이에요,보통이에요,-,-,-,-,-,-
996177,MUSINSA STANDARD,릴렉스 핏 크루 넥 반팔 티셔츠 [화이트],상의,"15,900",남,이너로 받쳐 입기에 너무 좋아요 엄청 빳빳하진 않아 살짝은 아숩네요,XL,180,90,빨라요,꼼꼼해요,보통이에요,보통이에요,보통이에요,보통이에요,-,-,-,-,-,-
996177,MUSINSA STANDARD,릴렉스 핏 크루 넥 반팔 티셔츠 [화이트],상의,"15,900",남,기본 무지 티중에선 제일 좋은 거 같아요 세탁해도 생각보다 목 늘어남도 없고요,M,171,69,빨라요,꼼꼼해요,보통이에요,밝아요,선명해요,얇아요,-,-,-,-,-,-
996177,MUSINSA STANDARD,릴렉스 핏 크루 넥 반팔 티셔츠 [화이트],상의,"15,900",여,자주 규매하는 재품입니다. 기본템으로 너무 좋아요가족 사진 위해 사이즈별로 구매했어요,XL,167,64,빨라요,꼼꼼해요,보통이에요,보통이에요,보통이에요,보통이에요,-,-,-,-,-,-
996177,MUSINSA STANDARD,릴렉스 핏 크루 넥 반팔 티셔츠 [화이트],상의,"15,900",여,후기들 보고 너무 클까봐 S 했는데 딱이에요! M 했으면 많이 컸을 거 같아요 여성분들은 웬만하면 S 사이즈 가세용 충분히 박시합니다,S,167,54,아쉬워요,꼼꼼해요,보통이에요,보통이에요,선명해요,두꺼워요,-,-,-,-,-,-
996177,MUSINSA STANDARD,릴렉스 핏 크루 넥 반팔 티셔츠 [화이트],상의,"15,900",남,일본여행 이거입고 갓다왔습니다너무 예뻐요 최고,M,179,69,빨라요,꼼꼼해요,보통이에요,보통이에요,보통이에요,보통이에요,-,-,-,-,-,-
996177,MUSINSA STANDARD,릴렉스 핏 크루 넥 반팔 티셔츠 [화이트],상의,"15,900",남,비침이 조금 있어서 안에 흰티하나 덧대고 입었네요. 그래도 옷 예쁘고 핏도 좋습니다. 어떤 옷에 입어도 잘 어울릴듯.,L,176,65,빨라요,꼼꼼해요,보통이에요,보통이에요,보통이에요,보통이에요,-,-,-,-,-,-
996177,MUSINSA STANDARD,릴렉스 핏 크루 넥 반팔 티셔츠 [화이트],상의,"15,900",남,생각보다 많이 얇아서 꼭툭튀 있어요. 그게 좀 아쉽,L,178,72,빨라요,꼼꼼해요,보통이에요,보통이에요,보통이에요,얇아요,-,-,-,-,-,-
996177,MUSINSA STANDARD,릴렉스 핏 크루 넥 반팔 티셔츠 [화이트],상의,"15,900",남,무조건 흰티는 이거입니다 어깨 목 전부 핏이 완벽해요 185이상은 무조건 xl 추천드려요,XL,188,88,빨라요,꼼꼼해요,보통이에요,보통이에요,보통이에요,보통이에요,-,-,-,-,-,-
996177,MUSINSA STANDARD,릴렉스 핏 크루 넥 반팔 티셔츠 [화이트],상의,"15,900",여,기본티 잘 샀어요! 넣입해도 이쁘고 그냥 입어도 예뻐용,L,174,86,아쉬워요,아쉬워요,보통이에요,보통이에요,보통이에요,보통이에요,-,-,-,-,-,-
996177,MUSINSA STANDARD,릴렉스 핏 크루 넥 반팔 티셔츠 [화이트],상의,"15,900",남,쿨탠다드랑 비침이 비슷합니다. 이 부분이 너무 아쉽습니다.,M,168,63,아쉬워요,꼼꼼해요,커요,보통이에요,보통이에요,얇아요,-,-,-,-,-,-
996177,MUSINSA STANDARD,릴렉스 핏 크루 넥 반팔 티셔츠 [화이트],상의,"15,900",남,확실히 재질도 부드럽고 목 늘어짐이 덜 한것 같아요! 매우 만족합니다! 비침은 없어요!,XL,177,68,빨라요,꼼꼼해요,보통이에요,밝아요,선명해요,보통이에요,-,-,-,-,-,-
996177,MUSINSA STANDARD,릴렉스 핏 크루 넥 반팔 티셔츠 [화이트],상의,"15,900",남,"봄,여름에 입기 좋은 옷인거 같습니다. 자주 입을거 같아요",XL,182,77,빨라요,꼼꼼해요,보통이에요,보통이에요,보통이에요,보통이에요,-,-,-,-,-,-
996177,MUSINSA STANDARD,릴렉스 핏 크루 넥 반팔 티셔츠 [화이트],상의,"15,900",남,사이즈 딱 적당하고 무난한 기본템이죠 좋습니다,M,172,63,빨라요,꼼꼼해요,보통이에요,보통이에요,보통이에요,보통이에요,-,-,-,-,-,-
996177,MUSINSA STANDARD,릴렉스 핏 크루 넥 반팔 티셔츠 [화이트],상의,"15,900",남,믿고사는 무신사 스탠다드 반팔입니다. 비침이 없고 두껍네요,M,172,64,빨라요,꼼꼼해요,커요,밝아요,선명해요,두꺼워요,-,-,-,-,-,-
996177,MUSINSA STANDARD,릴렉스 핏 크루 넥 반팔 티셔츠 [화이트],상의,"15,900",여,비침도 거의 없고 목 부분도 튼튼해서 너무너무 좋아요ㅠㅠ,S,164,55,빨라요,꼼꼼해요,보통이에요,보통이에요,보통이에요,보통이에요,-,-,-,-,-,-
996177,MUSINSA STANDARD,릴렉스 핏 크루 넥 반팔 티셔츠 [화이트],상의,"15,900",남,넥라인도 튼튼하고 적당한 두께감이 아주 맘에 듭니당 단품으로도 좋고 이너로 입기에도 넘 좋습니다! 제 스펙이랑 비슷하신 분들 중에 조금 넉럭하게 입고싶으신 분들은 L 추천드려요!,L,175,56,빨라요,꼼꼼해요,보통이에요,보통이에요,보통이에요,보통이에요,-,-,-,-,-,-
996177,MUSINSA STANDARD,릴렉스 핏 크루 넥 반팔 티셔츠 [화이트],상의,"15,900",남,상품의 질이 좋고 상세 설명컷이랑 똑같아서 좋아요,XL,172,70,빨라요,꼼꼼해요,보통이에요,보통이에요,보통이에요,보통이에요,-,-,-,-,-,-
996177,MUSINSA STANDARD,릴렉스 핏 크루 넥 반팔 티셔츠 [화이트],상의,"15,900",남,무조건 필수 기본템 항상 자주 구매해서 잘 사용하고 있어요,L,177,70,빨라요,꼼꼼해요,보통이에요,보통이에요,보통이에요,보통이에요,-,-,-,-,-,-
996177,MUSINSA STANDARD,릴렉스 핏 크루 넥 반팔 티셔츠 [화이트],상의,"15,900",남,두께감 사이즈 적당하고 좋아요 핏도 잘나옵니다,L,175,70,-,-,보통이에요,보통이에요,보통이에요,보통이에요,-,-,-,-,-,-
996177,MUSINSA STANDARD,릴렉스 핏 크루 넥 반팔 티셔츠 [화이트],상의,"15,900",남,가성비로 샀는데 이래저래 잘 쓸 것 같아요 만족합니다,M,175,72,-,-,보통이에요,보통이에요,보통이에요,보통이에요,-,-,-,-,-,-
996177,MUSINSA STANDARD,릴렉스 핏 크루 넥 반팔 티셔츠 [화이트],상의,"15,900",남,사이즈도잘맞고 두께감도적당해서 입기편해요,L,176,77,-,-,보통이에요,밝아요,선명해요,두꺼워요,-,-,-,-,-,-
996177,MUSINSA STANDARD,릴렉스 핏 크루 넥 반팔 티셔츠 [화이트],상의,"15,900",여,생각보다 통이 크고 길어요s랑 m 중에 고민했는데 s 사길 잘한것같아요,S,160,40,-,-,커요,밝아요,보통이에요,보통이에요,-,-,-,-,-,-
996177,MUSINSA STANDARD,릴렉스 핏 크루 넥 반팔 티셔츠 [화이트],상의,"15,900",남,주기적으로 사야하는 기본중에 기본 티 이면서 목도 잘안늘어나구 오래오래 입을수 있습니다!,M,168,65,-,-,보통이에요,밝아요,선명해요,보통이에요,-,-,-,-,-,-
996177,MUSINSA STANDARD,릴렉스 핏 크루 넥 반팔 티셔츠 [화이트],상의,"15,900",남,이너로 레이어드하기 딱 좋아요 3번째 구매했슴돠,M,166,57,빨라요,꼼꼼해요,커요,밝아요,선명해요,얇아요,-,-,-,-,-,-
996177,MUSINSA STANDARD,릴렉스 핏 크루 넥 반팔 티셔츠 [화이트],상의,"15,900",남,편하고 퀄리티도 좋고 가격도 착하고만족합니다-!,L,172,70,-,-,보통이에요,보통이에요,보통이에요,보통이에요,-,-,-,-,-,-
996177,MUSINSA STANDARD,릴렉스 핏 크루 넥 반팔 티셔츠 [화이트],상의,"15,900",남,"라인: 넥라인은 촌스럽지 않음, 이너티 느낌x 전체적으로 편하게 입기에 부끄러움 없는 라인색: 화이트 밝음 깔끔한 느낌사이즈: 루즈한 느낌 괜찮음, 팔통이 넓고 길어서 얇은 니트 안에 입으면 반팔라인이 부곽됨. 레이어드 기장으로 딱 적당함총평: 유니클로 흰티를 이너티로 입으면 시간지나면 색이 누래지고 완전 내의 같은 느낌때문에 밖에서 흰티만 입기에 꺼려지지만 이 옷은 그런게 전혀 없음 재구매율100%",L,171,81,-,-,보통이에요,밝아요,보통이에요,보통이에요,-,-,-,-,-,-
996177,MUSINSA STANDARD,릴렉스 핏 크루 넥 반팔 티셔츠 [화이트],상의,"15,900",남,편하게 입기 좋은 가성비 티셔츠입니다 예쁜데 좀 얇아요,2XL,173,77,-,-,커요,보통이에요,보통이에요,얇아요,-,-,-,-,-,-
996177,MUSINSA STANDARD,릴렉스 핏 크루 넥 반팔 티셔츠 [화이트],상의,"15,900",남,이너로 입기 좋음. 핏도 잘나옴. 길게 레이어드 할거면 177기준 xl추천 l은 조금 애매한 기장,L,177,67,-,-,보통이에요,보통이에요,보통이에요,보통이에요,-,-,-,-,-,-
996177,MUSINSA STANDARD,릴렉스 핏 크루 넥 반팔 티셔츠 [화이트],상의,"15,900",남,기본티로 너무 좋아요 넥라인 부분이 깔끔하고 기장감도 적당해요!!,M,178,68,-,-,보통이에요,보통이에요,보통이에요,보통이에요,-,-,-,-,-,-
996177,MUSINSA STANDARD,릴렉스 핏 크루 넥 반팔 티셔츠 [화이트],상의,"15,900",남,생각보다 얇은 두께감이 있어서 좋았고 가장 중요한 소중한 부위가 안비쳐서 좋았어요.,L,162,50,-,-,보통이에요,보통이에요,보통이에요,두꺼워요,-,-,-,-,-,-
996177,MUSINSA STANDARD,릴렉스 핏 크루 넥 반팔 티셔츠 [화이트],상의,"15,900",여,남자 사이즈여도 s는 적당히 오버핏으로 잘 맞습니당 잘 입겠습니다!,S,160,47,-,-,보통이에요,보통이에요,보통이에요,보통이에요,-,-,-,-,-,-
996177,MUSINSA STANDARD,릴렉스 핏 크루 넥 반팔 티셔츠 [화이트],상의,"15,900",남,급해서 대충 샀음. 속에 입기에만 좋음 큰 기대 하지마십쇼,L,100,100,-,-,보통이에요,보통이에요,보통이에요,보통이에요,-,-,-,-,-,-
996177,MUSINSA STANDARD,릴렉스 핏 크루 넥 반팔 티셔츠 [화이트],상의,"15,900",여,맘에 들어요 아무곳에나 입기곳아요 그리고 목이 안조여서 좋아요,L,161,68,-,-,보통이에요,보통이에요,보통이에요,보통이에요,-,-,-,-,-,-
996177,MUSINSA STANDARD,릴렉스 핏 크루 넥 반팔 티셔츠 [화이트],상의,"15,900",여,탄탄한 티셔츠여서 이너로 받쳐입기 딱 좋습니당,S,161,51,-,-,커요,보통이에요,보통이에요,보통이에요,-,-,-,-,-,-
996177,MUSINSA STANDARD,릴렉스 핏 크루 넥 반팔 티셔츠 [화이트],상의,"15,900",여,일단 딱 맞고 그냥 일반 레이어드티에요여러모로 잘 이용하고 있습니다,M,174,54,-,-,보통이에요,보통이에요,보통이에요,보통이에요,-,-,-,-,-,-
996177,MUSINSA STANDARD,릴렉스 핏 크루 넥 반팔 티셔츠 [화이트],상의,"15,900",여,레이어드하기 좋고 재질도 좋은 것 같습이다닷달,M,157,44,-,-,보통이에요,밝아요,선명해요,얇아요,-,-,-,-,-,-
996177,MUSINSA STANDARD,릴렉스 핏 크루 넥 반팔 티셔츠 [화이트],상의,"15,900",남,정말 레이어드로 짱이구 기본템 짱 목도 안 늘어남,M,172,57,-,-,보통이에요,보통이에요,보통이에요,보통이에요,-,-,-,-,-,-
996177,MUSINSA STANDARD,릴렉스 핏 크루 넥 반팔 티셔츠 [화이트],상의,"15,900",여,넥라인이 짱짱한 레이어드 티셔츠를 찾고 계시다면 추천합니다!!!,2XL,164,75,-,-,커요,밝아요,선명해요,보통이에요,-,-,-,-,-,-
996177,MUSINSA STANDARD,릴렉스 핏 크루 넥 반팔 티셔츠 [화이트],상의,"15,900",남,레이어드 용으로도 사용할 수 있어서 좋은거같아영,L,173,48,-,-,보통이에요,보통이에요,보통이에요,보통이에요,-,-,-,-,-,-
996177,MUSINSA STANDARD,릴렉스 핏 크루 넥 반팔 티셔츠 [화이트],상의,"15,900",남,핏이 진찌 최고입니다 가성비로 구매하기 좋아요,L,183,78,-,-,보통이에요,밝아요,선명해요,보통이에요,-,-,-,-,-,-
996177,MUSINSA STANDARD,릴렉스 핏 크루 넥 반팔 티셔츠 [화이트],상의,"15,900",남,가격 대비 좋은 품질과 가성비 좋네요 몇 장 더 사려고합니다,2XL,188,73,-,-,보통이에요,보통이에요,보통이에요,보통이에요,-,-,-,-,-,-
996177,MUSINSA STANDARD,릴렉스 핏 크루 넥 반팔 티셔츠 [화이트],상의,"15,900",여,레이어드용으로 샀어요~ 조금 크긴 한데 탄탄하고 좋습니당,S,157,40,-,-,보통이에요,보통이에요,보통이에요,보통이에요,-,-,-,-,-,-
996177,MUSINSA STANDARD,릴렉스 핏 크루 넥 반팔 티셔츠 [화이트],상의,"15,900",남,그냥 입어도 좋고 레이어드 해도 찰떡이에요~! 굿굿,XL,186,83,-,-,보통이에요,보통이에요,보통이에요,보통이에요,-,-,-,-,-,-
996177,MUSINSA STANDARD,릴렉스 핏 크루 넥 반팔 티셔츠 [화이트],상의,"15,900",남,그냥 기본으로 딱 입기 좋습니다 기장은 2센치만 더 짧았으면 좋았을 것 같아요,S,172,63,-,-,보통이에요,보통이에요,선명해요,보통이에요,-,-,-,-,-,-
996177,MUSINSA STANDARD,릴렉스 핏 크루 넥 반팔 티셔츠 [화이트],상의,"15,900",남,간편하고 여름에는 흰티 입고싶은데 가격도 저렴하고 막 입을 수 있어 너무 좋아요,M,170,65,-,-,커요,보통이에요,보통이에요,보통이에요,-,-,-,-,-,-
996177,MUSINSA STANDARD,릴렉스 핏 크루 넥 반팔 티셔츠 [화이트],상의,"15,900",여,기본티 중에서 제일 핏도이쁘고 길이감도 좋고 이뻐요,M,165,55,-,-,보통이에요,보통이에요,보통이에요,보통이에요,-,-,-,-,-,-
996177,MUSINSA STANDARD,릴렉스 핏 크루 넥 반팔 티셔츠 [화이트],상의,"15,900",남,두께감은 조금 두툼한 편인듯 해요 그렇다고 덥진 않구요,XL,177,88,-,-,보통이에요,보통이에요,보통이에요,보통이에요,-,-,-,-,-,-
996177,MUSINSA STANDARD,릴렉스 핏 크루 넥 반팔 티셔츠 [화이트],상의,"15,900",남,반팔중에 다른것보다 목이넓어서 시원해보이고 좋아요,L,175,83,-,-,보통이에요,보통이에요,보통이에요,보통이에요,-,-,-,-,-,-
996177,MUSINSA STANDARD,릴렉스 핏 크루 넥 반팔 티셔츠 [화이트],상의,"15,900",남,그냥 편하게 입을 수 있는 기본 흰티에요 좋아요오,L,180,70,-,-,보통이에요,보통이에요,보통이에요,보통이에요,-,-,-,-,-,-
996177,MUSINSA STANDARD,릴렉스 핏 크루 넥 반팔 티셔츠 [화이트],상의,"15,900",남,핏이 딱이쁘게떨어져서 좋아요 글구 엄청편해요!!또살듯,L,181,73,-,-,보통이에요,보통이에요,보통이에요,보통이에요,-,-,-,-,-,-
996177,MUSINSA STANDARD,릴렉스 핏 크루 넥 반팔 티셔츠 [화이트],상의,"15,900",남,스탠다드라는 닉값 제대로 하는 것 같아요 뭔가 딱히 특출난 것도 모난 것도 없이 무난한 티흰색은 꼭지쓰가 살짝 보이는데 가슴 근육 발달하신 분들은 안 보일 것 같아요핏은 예쁜 것 같슴다,M,173,58,-,-,보통이에요,밝아요,선명해요,보통이에요,-,-,-,-,-,-
996177,MUSINSA STANDARD,릴렉스 핏 크루 넥 반팔 티셔츠 [화이트],상의,"15,900",여,"좋아요~~ 근데 천이 약간 더운재질인거 같아요, 그래도 가격대비 좋아용",M,166,48,-,-,커요,보통이에요,보통이에요,보통이에요,-,-,-,-,-,-
996177,MUSINSA STANDARD,릴렉스 핏 크루 넥 반팔 티셔츠 [화이트],상의,"15,900",남,시원하구 좋아용 핏도 딱 맞아서 미디움 사이즈 사기를 잘 한거 같아요 ㅎㅎ,M,180,70,-,-,보통이에요,보통이에요,보통이에요,보통이에요,-,-,-,-,-,-
996177,MUSINSA STANDARD,릴렉스 핏 크루 넥 반팔 티셔츠 [화이트],상의,"15,900",-,원단이 두꺼워 체형보정이 되고 세미 오버 느낌이라 핏도 좋아요,L,0,0,-,-,보통이에요,보통이에요,선명해요,보통이에요,-,-,-,-,-,-
996177,MUSINSA STANDARD,릴렉스 핏 크루 넥 반팔 티셔츠 [화이트],상의,"15,900",-,좋네요~딱원하던스타일입니다 많이파세요감사합니다ㅎ,XL,0,0,-,-,보통이에요,보통이에요,보통이에요,얇아요,-,-,-,-,-,-
996177,MUSINSA STANDARD,릴렉스 핏 크루 넥 반팔 티셔츠 [화이트],상의,"15,900",-,너무 편하고 좋습니다 기본템이라 말이 필요없어요 많이 파세요,M,0,0,-,-,보통이에요,보통이에요,보통이에요,보통이에요,-,-,-,-,-,-
996177,MUSINSA STANDARD,릴렉스 핏 크루 넥 반팔 티셔츠 [화이트],상의,"15,900",여,마음에 듭니다.앞으로 늘  여기에서 구입하야겠네요.아들래미가 고른옷이라 그런지 완전 이쁘다고 하네요.잘 입겠습니다.,L,176,73,-,-,보통이에요,보통이에요,선명해요,보통이에요,-,-,-,-,-,-
996177,MUSINSA STANDARD,릴렉스 핏 크루 넥 반팔 티셔츠 [화이트],상의,"15,900",-,딱 원하는 사이즈여서 정말 만족해요 ! 착용감 완전 좋고 핏 너무 맘에들어서 이것만 두번째 구매네요 10번은 더 구매하고도 더 살 듯 싶네요 추천 완전 추천 !,L,0,0,-,-,보통이에요,밝아요,선명해요,보통이에요,-,-,-,-,-,-
996177,MUSINSA STANDARD,릴렉스 핏 크루 넥 반팔 티셔츠 [화이트],상의,"15,900",-,이너로 입기도 깔끔하고 목부분도 잘 안늘어나게 마감돼있어서 좋아요,M,0,0,-,-,보통이에요,보통이에요,보통이에요,보통이에요,-,-,-,-,-,-
996177,MUSINSA STANDARD,릴렉스 핏 크루 넥 반팔 티셔츠 [화이트],상의,"15,900",여,넉넉하고 편해서 좋아요생각보다 길어서 놀라기는 했지만기본템으로 아주 좋습니다!,L,160,60,-,-,커요,보통이에요,보통이에요,두꺼워요,-,-,-,-,-,-
996177,MUSINSA STANDARD,릴렉스 핏 크루 넥 반팔 티셔츠 [화이트],상의,"15,900",-,편하게 입고 있어요운동할때 입어도 좋은거 같아요,L,0,0,-,-,보통이에요,보통이에요,보통이에요,보통이에요,-,-,-,-,-,-
996177,MUSINSA STANDARD,릴렉스 핏 크루 넥 반팔 티셔츠 [화이트],상의,"15,900",남,잘 입고 있습니다 감사합니다 어디에나 잘 어울리고 시원해서 좋아요,XL,174,70,-,-,보통이에요,보통이에요,보통이에요,보통이에요,-,-,-,-,-,-
996177,MUSINSA STANDARD,릴렉스 핏 크루 넥 반팔 티셔츠 [화이트],상의,"15,900",남,너무 얇지 않고 탄탄해서 좋아요 넥라인도 안 늘어나게 잘 한거 같아요,L,178,74,-,-,보통이에요,보통이에요,보통이에요,보통이에요,-,-,-,-,-,-
996177,MUSINSA STANDARD,릴렉스 핏 크루 넥 반팔 티셔츠 [화이트],상의,"15,900",-,크게 입으려고 L구매했는데 제가 생각한 것과 아주 딱 맞아요.루즈한 핏 낭낭하게 떨어집니다.엄청 얇지도 않아요.편하게 입기 좋습니다.,L,0,0,-,-,보통이에요,보통이에요,보통이에요,보통이에요,-,-,-,-,-,-
996177,MUSINSA STANDARD,릴렉스 핏 크루 넥 반팔 티셔츠 [화이트],상의,"15,900",남,동생 체격이 좀 있는편인데처음에는 작을것같다고 툴툴거리더니  입어보니까 사이즈 잘 맞네요 으휴,M,180,84,-,-,보통이에요,보통이에요,보통이에요,보통이에요,-,-,-,-,-,-
996177,MUSINSA STANDARD,릴렉스 핏 크루 넥 반팔 티셔츠 [화이트],상의,"15,900",-,목부분이 좀 작아서 불편하지만 대체적로 만족입니다!,L,0,0,-,-,보통이에요,보통이에요,보통이에요,보통이에요,-,-,-,-,-,-
996177,MUSINSA STANDARD,릴렉스 핏 크루 넥 반팔 티셔츠 [화이트],상의,"15,900",남,평소에 크게 입으면 L사이즈 갑니다. M인데도 생각보다 좀 낭낭해서 놀랐어요. 기본 이너나 단품으로도 추천합니다!,M,174,67,-,-,보통이에요,보통이에요,보통이에요,보통이에요,-,-,-,-,-,-
996177,MUSINSA STANDARD,릴렉스 핏 크루 넥 반팔 티셔츠 [화이트],상의,"15,900",여,기본 템! 이번 여름 잘 입겠습니다. 제 키에 S 입으니까 딱 괜찮아요. 조끼 받쳐 입기에도 좋아요,S,161,45,-,-,보통이에요,보통이에요,보통이에요,보통이에요,-,-,-,-,-,-
996177,MUSINSA STANDARD,릴렉스 핏 크루 넥 반팔 티셔츠 [화이트],상의,"15,900",남,역시 무탠다드는 옷을 잘 만드는 것 같아요! 사이즈도 되게 괜찮고 두께감도 많이 두껍지 않아서 다행이에요!,M,165,54,-,-,보통이에요,밝아요,선명해요,보통이에요,-,-,-,-,-,-
996177,MUSINSA STANDARD,릴렉스 핏 크루 넥 반팔 티셔츠 [화이트],상의,"15,900",남,넥라인에 재봉라인이 들어가서 아쉽긴 하지만 나머진 다 좋습니다.,S,171,58,-,-,보통이에요,보통이에요,보통이에요,보통이에요,-,-,-,-,-,-
996177,MUSINSA STANDARD,릴렉스 핏 크루 넥 반팔 티셔츠 [화이트],상의,"15,900",남,흰티 처음 사는데 만족하고 잘 입을 것 같아요. 사시사철 이너로 좋아보입니다,XL,175,95,-,-,보통이에요,밝아요,보통이에요,보통이에요,-,-,-,-,-,-
996177,MUSINSA STANDARD,릴렉스 핏 크루 넥 반팔 티셔츠 [화이트],상의,"15,900",-,무난하게 기본티로 받쳐 입기 좋아요 평타 이상은 치는거 같아요,S,0,0,-,-,보통이에요,보통이에요,보통이에요,보통이에요,-,-,-,-,-,-
996177,MUSINSA STANDARD,릴렉스 핏 크루 넥 반팔 티셔츠 [화이트],상의,"15,900",남,이너로 입기에도 딱 좋고 평상시에 입기에도 되게 좋은 거 같아요,S,170,66,-,-,보통이에요,보통이에요,보통이에요,보통이에요,-,-,-,-,-,-
996177,MUSINSA STANDARD,릴렉스 핏 크루 넥 반팔 티셔츠 [화이트],상의,"15,900",-,두벌만 샀는데 한 열벌 살걸 그랬나봐요.운동복부터 일상복까지 다양하게 입을 수 있을 것 같아요. 일단 가성비가 쩌니까 이왕 구매하시는거 여러벌 구매하시는걸 추천드립니다,L,0,0,-,-,커요,보통이에요,보통이에요,보통이에요,-,-,-,-,-,-
996177,MUSINSA STANDARD,릴렉스 핏 크루 넥 반팔 티셔츠 [화이트],상의,"15,900",남,소재도 괜찮고 그냥 편하게 입을 수 있는 것 같아요다시 사 입을것같아요,M,175,70,-,-,보통이에요,밝아요,선명해요,보통이에요,-,-,-,-,-,-
996177,MUSINSA STANDARD,릴렉스 핏 크루 넥 반팔 티셔츠 [화이트],상의,"15,900",남,딱 기본 흰티네요. 길이감이 좀 있고 목이 마감형태 잘 보셔야합니다. 제가 느끼기엔 조금 올드한 것 같아요. 그래도 이너로 잘 입고 다닐 것 같아요.,M,174,67,-,-,보통이에요,보통이에요,선명해요,얇아요,-,-,-,-,-,-
996177,MUSINSA STANDARD,릴렉스 핏 크루 넥 반팔 티셔츠 [화이트],상의,"15,900",-,싼가격에 잘구매했습니다. 레이어드하기에도 괜찮고여름에 한장입기에도 좋네요,L,0,0,-,-,보통이에요,밝아요,선명해요,보통이에요,-,-,-,-,-,-
996177,MUSINSA STANDARD,릴렉스 핏 크루 넥 반팔 티셔츠 [화이트],상의,"15,900",남,무난하게 입기 딱좋은 기본중의 기본 반팔 인거같습니다,XL,180,70,-,-,보통이에요,보통이에요,보통이에요,보통이에요,-,-,-,-,-,-
996177,MUSINSA STANDARD,릴렉스 핏 크루 넥 반팔 티셔츠 [화이트],상의,"15,900",남,품질이 막 엄청 좋은건 아닌데 가격이 너무 착해서 여러벌 돌려입어도 좋겠네요,L,176,73,-,-,보통이에요,보통이에요,보통이에요,보통이에요,-,-,-,-,-,-
996177,MUSINSA STANDARD,릴렉스 핏 크루 넥 반팔 티셔츠 [화이트],상의,"15,900",-,두께도 적당하고 기본에 충실한 티셔츠 같습니다주름이 조금 잘 보이는 것 같네요그래도 굿굿,XL,0,0,-,-,커요,밝아요,선명해요,보통이에요,-,-,-,-,-,-
996177,MUSINSA STANDARD,릴렉스 핏 크루 넥 반팔 티셔츠 [화이트],상의,"15,900",남,옷이 여름에 입기 너무 좋고 이너로 딱이네요 감사합니다 히히,M,170,62,-,-,보통이에요,보통이에요,보통이에요,보통이에요,-,-,-,-,-,-
996177,MUSINSA STANDARD,릴렉스 핏 크루 넥 반팔 티셔츠 [화이트],상의,"15,900",-,베이식한 디자인과 여유있는 실루엣다양한컬러의 캐주얼 아이템릴렐스한 핏 큰로넥 반팔티셔츠벌써 3번째로 주문합니다.,M,0,0,-,-,보통이에요,보통이에요,보통이에요,보통이에요,-,-,-,-,-,-
996177,MUSINSA STANDARD,릴렉스 핏 크루 넥 반팔 티셔츠 [화이트],상의,"15,900",남,지금까지 샀던 흰티중에는 최고에요 강추합니다,XL,170,80,-,-,보통이에요,보통이에요,보통이에요,보통이에요,-,-,-,-,-,-
996177,MUSINSA STANDARD,릴렉스 핏 크루 넥 반팔 티셔츠 [화이트],상의,"15,900",남,이너티로 입어도 되고 겉에 입어도 됩니다 꿀 완소템 이에요 !! 일할때도 입고 안할때도 입습니다 데일리 최강템 !! 추천합니다,XL,175,74,-,-,커요,보통이에요,보통이에요,보통이에요,-,-,-,-,-,-
996177,MUSINSA STANDARD,릴렉스 핏 크루 넥 반팔 티셔츠 [화이트],상의,"15,900",-,기장이 약간 긴데 그거 빼곤 좋은 것 같아요 두께도 여름용으로 딱인듯여,M,0,0,-,-,커요,보통이에요,보통이에요,보통이에요,-,-,-,-,-,-
996177,MUSINSA STANDARD,릴렉스 핏 크루 넥 반팔 티셔츠 [화이트],상의,"15,900",남,기본티로써 성능이 확실한 무신사 스탠다드 티셔츠 입니다 추천추천!,M,174,68,-,-,보통이에요,밝아요,선명해요,보통이에요,-,-,-,-,-,-
996177,MUSINSA STANDARD,릴렉스 핏 크루 넥 반팔 티셔츠 [화이트],상의,"15,900",남,가성비가 좋아서 저렴한 가격에 구매한 것 같습니다. 다음에도 구매하고 싶네요,L,173,100,-,-,보통이에요,보통이에요,보통이에요,보통이에요,-,-,-,-,-,-
996177,MUSINSA STANDARD,릴렉스 핏 크루 넥 반팔 티셔츠 [화이트],상의,"15,900",남,무난한 반팔티 넉넉하게 어디에나 입을 수 있고 가격도 그런 대로 저렴함 세탁 후 수축도 크지 않음,L,177,69,-,-,보통이에요,보통이에요,보통이에요,보통이에요,-,-,-,-,-,-
996177,MUSINSA STANDARD,릴렉스 핏 크루 넥 반팔 티셔츠 [화이트],상의,"15,900",남,매번 사입는  기본반팔티입니다. 자세한 설명은 생략한다.,L,175,71,-,-,보통이에요,보통이에요,보통이에요,보통이에요,-,-,-,-,-,-
996177,MUSINSA STANDARD,릴렉스 핏 크루 넥 반팔 티셔츠 [화이트],상의,"15,900",남,이뻐요좋아요짱짱해요멋있어요좋아요굿이에요,M,165,60,-,-,보통이에요,보통이에요,보통이에요,보통이에요,-,-,-,-,-,-
996177,MUSINSA STANDARD,릴렉스 핏 크루 넥 반팔 티셔츠 [화이트],상의,"15,900",남,넥라인도 탄탄하고 한 계절 입는데에는 전혀 문제 없을 것 같아요!,M,171,55,-,-,보통이에요,보통이에요,보통이에요,보통이에요,-,-,-,-,-,-
996177,MUSINSA STANDARD,릴렉스 핏 크루 넥 반팔 티셔츠 [화이트],상의,"15,900",남,세탁기 건조기 막 돌려도 목 안쭈글해지고오래입을 수 있어서 자주 시킵니다,L,179,61,-,-,보통이에요,보통이에요,보통이에요,보통이에요,-,-,-,-,-,-
996177,MUSINSA STANDARD,릴렉스 핏 크루 넥 반팔 티셔츠 [화이트],상의,"15,900",남,가격대비 만족하고 배송이 느린거 빼고는 다 만족해요,M,168,64,-,-,보통이에요,보통이에요,보통이에요,보통이에요,-,-,-,-,-,-
996177,MUSINSA STANDARD,릴렉스 핏 크루 넥 반팔 티셔츠 [화이트],상의,"15,900",남,세번째 구매입니다! 기본티로 아주 좋아용 이너로 입기에도 좋고 단독으로 입기에도 좋습니다!,M,180,62,-,-,보통이에요,보통이에요,보통이에요,보통이에요,-,-,-,-,-,-
996177,MUSINSA STANDARD,릴렉스 핏 크루 넥 반팔 티셔츠 [화이트],상의,"15,900",남,기본 흰티인데 핏이 좋아서 이너말고 단독으로 입어도 이쁘구요ㅎㅎ무엇보다 비치지않는 재질에 두께라서 너무 이쁩니다!!강추요,XL,179,73,-,-,커요,보통이에요,보통이에요,두꺼워요,-,-,-,-,-,-
996177,MUSINSA STANDARD,릴렉스 핏 크루 넥 반팔 티셔츠 [화이트],상의,"15,900",남,"가성비,핏,원단까지 다 좋습니다 전투용으로 잘 입을게요",M,173,78,-,-,보통이에요,보통이에요,보통이에요,보통이에요,-,-,-,-,-,-
996177,MUSINSA STANDARD,릴렉스 핏 크루 넥 반팔 티셔츠 [화이트],상의,"15,900",남,"아주 이쁜 오버핏 이너,레이어드 티셔츠입니다. 필수템이네요",M,172,63,-,-,보통이에요,밝아요,선명해요,보통이에요,-,-,-,-,-,-
996177,MUSINSA STANDARD,릴렉스 핏 크루 넥 반팔 티셔츠 [화이트],상의,"15,900",남,젖툭튀 너무 싫어서 두꺼운 옷살려고 16수 시켰는데 이것도 역시나..ㅠㅠ 비침은 없지만 젖툭튀는 좀 있습니다,L,173,80,-,-,보통이에요,보통이에요,보통이에요,보통이에요,-,-,-,-,-,-
